Length,No. of Transmits,Deletion Probability,Percentage Error,Time Taken
10,1,0.01,0.1,0.19646239280700684
10,1,0.03,0.1,0.17256951332092285
10,1,0.1,1.4000000000000001,0.17739272117614746
10,1,0.3,2.0,0.1735689640045166
10,1,1.0,8.6,0.1685481071472168
10,1,3.0,24.900000000000002,0.17253923416137695
10,1,10.0,60.2,0.1765275001525879
10,1,30.0,96.10000000000001,0.16755104064941406
10,4,0.01,0.0,0.24730610847473145
10,4,0.03,0.0,0.23939156532287598
10,4,0.1,0.0,0.24255967140197754
10,4,0.3,0.0,0.2453751564025879
10,4,1.0,0.8,0.2483046054840088
10,4,3.0,6.5,0.2563149929046631
10,4,10.0,41.0,0.25046873092651367
10,4,30.0,96.4,0.24134564399719238
10,7,0.01,0.0,0.3211476802825928
10,7,0.03,0.0,0.32931017875671387
10,7,0.1,0.0,0.3241572380065918
10,7,0.3,0.0,0.36500048637390137
10,7,1.0,0.0,0.3183097839355469
10,7,3.0,0.6000000000000001,0.3171820640563965
10,7,10.0,18.6,0.31116795539855957
10,7,30.0,92.0,0.30574560165405273
10,10,0.01,0.0,0.39749717712402344
10,10,0.03,0.0,0.4617650508880615
10,10,0.1,0.0,0.43296098709106445
10,10,0.3,0.0,0.42187070846557617
10,10,1.0,0.0,0.613506555557251
10,10,3.0,0.1,0.759225606918335
10,10,10.0,16.7,0.5435171127319336
10,10,30.0,94.5,0.43494677543640137
15,1,0.01,0.1,0.2234327793121338
15,1,0.03,0.4,0.24434161186218262
15,1,0.1,1.3,0.24435019493103027
15,1,0.3,3.8000000000000003,0.228973388671875
15,1,1.0,12.100000000000001,0.2279675006866455
15,1,3.0,35.6,0.2433147430419922
15,1,10.0,78.0,0.23238062858581543
15,1,30.0,99.4,0.22040939331054688
15,4,0.01,0.0,0.3561861515045166
15,4,0.03,0.0,0.3590414524078369
15,4,0.1,0.0,0.3586912155151367
15,4,0.3,0.1,0.4134540557861328
15,4,1.0,0.5,0.6316287517547607
15,4,3.0,8.9,0.595440149307251
15,4,10.0,55.300000000000004,0.3436906337738037
15,4,30.0,99.5,0.34462571144104004
15,7,0.01,0.0,0.47373294830322266
15,7,0.03,0.0,0.5077505111694336
15,7,0.1,0.0,0.4866981506347656
15,7,0.3,0.0,0.5057768821716309
15,7,1.0,0.0,0.5425500869750977
15,7,3.0,0.9,0.47382283210754395
15,7,10.0,32.7,0.6532533168792725
15,7,30.0,98.9,0.7436027526855469
15,10,0.01,0.0,1.0536623001098633
15,10,0.03,0.0,1.02357816696167
15,10,0.1,0.0,1.0473642349243164
15,10,0.3,0.0,1.3738114833831787
15,10,1.0,0.0,1.667696237564087
15,10,3.0,0.8,1.2250421047210693
15,10,10.0,27.3,1.0982613563537598
15,10,30.0,98.60000000000001,1.065650224685669
15,13,0.01,0.0,1.3903100490570068
15,13,0.03,0.0,1.3483929634094238
15,13,0.1,0.0,1.3440368175506592
15,13,0.3,0.0,1.6320157051086426
15,13,1.0,0.0,1.4161310195922852
15,13,3.0,0.0,1.632659673690796
15,13,10.0,20.0,1.3445837497711182
15,13,30.0,99.4,1.1212868690490723
20,1,0.01,0.1,0.4647865295410156
20,1,0.03,1.4000000000000001,0.5367321968078613
20,1,0.1,1.0,0.5138070583343506
20,1,0.3,5.9,0.5106616020202637
20,1,1.0,18.5,0.4555191993713379
20,1,3.0,40.6,0.4773075580596924
20,1,10.0,87.5,0.4557812213897705
20,1,30.0,99.80000000000001,0.44796109199523926
20,5,0.01,0.0,0.8382084369659424
20,5,0.03,0.0,0.7968661785125732
20,5,0.1,0.0,0.8098349571228027
20,5,0.3,0.0,0.8078382015228271
20,5,1.0,0.1,0.789886474609375
20,5,3.0,2.5,0.7659211158752441
20,5,10.0,50.7,0.7689738273620605
20,5,30.0,100.0,0.703120231628418
20,9,0.01,0.0,0.6515297889709473
20,9,0.03,0.0,0.6572415828704834
20,9,0.1,0.0,0.6544089317321777
20,9,0.3,0.0,0.6345267295837402
20,9,1.0,0.0,0.653254508972168
20,9,3.0,0.4,0.6535780429840088
20,9,10.0,32.9,0.6473355293273926
20,9,30.0,99.9,0.6333413124084473
20,13,0.01,0.0,0.8806102275848389
20,13,0.03,0.0,0.8726656436920166
20,13,0.1,0.0,0.8417792320251465
20,13,0.3,0.0,1.322462558746338
20,13,1.0,0.0,0.8816101551055908
20,13,3.0,0.1,0.8287811279296875
20,13,10.0,28.0,0.8202798366546631
20,13,30.0,99.9,0.7800626754760742
20,17,0.01,0.0,1.1172502040863037
20,17,0.03,0.0,1.4293489456176758
20,17,0.1,0.0,1.0363216400146484
20,17,0.3,0.0,0.995720624923706
20,17,1.0,0.0,1.0667290687561035
20,17,3.0,0.1,1.341238021850586
20,17,10.0,22.0,1.19301176071167
20,17,30.0,99.9,0.9621279239654541
25,1,0.01,0.6000000000000001,0.31017017364501953
25,1,0.03,0.7000000000000001,0.31313133239746094
25,1,0.1,2.0,0.3082561492919922
25,1,0.3,5.0,0.30817747116088867
25,1,1.0,23.0,0.3181471824645996
25,1,3.0,51.7,0.3092045783996582
25,1,10.0,92.2,0.3061809539794922
25,1,30.0,99.9,0.3141293525695801
25,6,0.01,0.0,0.5894536972045898
25,6,0.03,0.0,0.5984034538269043
25,6,0.1,0.0,0.6143522262573242
25,6,0.3,0.0,0.6183483600616455
25,6,1.0,0.2,0.6432743072509766
25,6,3.0,5.5,0.6372976303100586
25,6,10.0,63.300000000000004,0.9135570526123047
25,6,30.0,100.0,0.9943420886993408
25,11,0.01,0.0,1.489016056060791
25,11,0.03,0.0,1.501983642578125
25,11,0.1,0.0,1.5019798278808594
25,11,0.3,0.0,1.4935874938964844
25,11,1.0,0.0,1.5091629028320312
25,11,3.0,0.1,1.5147716999053955
25,11,10.0,39.0,1.441450595855713
25,11,30.0,100.0,1.4307284355163574
25,16,0.01,0.0,1.9681479930877686
25,16,0.03,0.0,1.9572768211364746
25,16,0.1,0.0,1.6197617053985596
25,16,0.3,0.0,1.163041353225708
25,16,1.0,0.0,1.161134958267212
25,16,3.0,0.0,1.1493735313415527
25,16,10.0,32.1,1.161891222000122
25,16,30.0,100.0,1.6735265254974365
25,21,0.01,0.0,1.4274876117706299
25,21,0.03,0.0,1.4457073211669922
25,21,0.1,0.0,1.7757632732391357
25,21,0.3,0.0,1.6438851356506348
25,21,1.0,0.0,1.4163517951965332
25,21,3.0,0.0,1.4289531707763672
25,21,10.0,24.1,1.9591917991638184
25,21,30.0,99.9,1.4033517837524414
30,1,0.01,0.30000000000000004,0.35906982421875
30,1,0.03,0.7000000000000001,0.3485093116760254
30,1,0.1,2.9000000000000004,0.35405802726745605
30,1,0.3,8.700000000000001,0.3640265464782715
30,1,1.0,23.900000000000002,0.35068392753601074
30,1,3.0,60.900000000000006,0.34906649589538574
30,1,10.0,95.60000000000001,0.34906649589538574
30,1,30.0,100.0,0.3450767993927002
30,6,0.01,0.0,0.71907639503479
30,6,0.03,0.0,0.7081058025360107
30,6,0.1,0.0,0.7091033458709717
30,6,0.3,0.0,0.7081060409545898
30,6,1.0,0.30000000000000004,0.7210397720336914
30,6,3.0,5.6000000000000005,0.7380547523498535
30,6,10.0,69.9,0.6971368789672852
30,6,30.0,100.0,0.7100684642791748
30,11,0.01,0.0,1.6944670677185059
30,11,0.03,0.0,1.8919384479522705
30,11,0.1,0.0,1.9807319641113281
30,11,0.3,0.0,1.9250717163085938
30,11,1.0,0.0,1.9852445125579834
30,11,3.0,0.6000000000000001,1.9530956745147705
30,11,10.0,43.6,1.8623485565185547
30,11,30.0,100.0,1.8674123287200928
30,16,0.01,0.0,2.548527717590332
30,16,0.03,0.0,2.4893863201141357
30,16,0.1,0.0,2.482480049133301
30,16,0.3,0.0,2.499279499053955
30,16,1.0,0.0,1.6366214752197266
30,16,3.0,0.2,1.4747416973114014
30,16,10.0,39.400000000000006,1.7137444019317627
30,16,30.0,100.0,1.7773711681365967
30,21,0.01,0.0,1.8768072128295898
30,21,0.03,0.0,2.5199122428894043
30,21,0.1,0.0,1.717930793762207
30,21,0.3,0.0,1.7273776531219482
30,21,1.0,0.0,1.6845002174377441
30,21,3.0,0.2,2.7441155910491943
30,21,10.0,30.200000000000003,2.77278995513916
30,21,30.0,100.0,2.7623164653778076
30,26,0.01,0.0,3.3830502033233643
30,26,0.03,0.0,3.4384634494781494
30,26,0.1,0.0,2.4487762451171875
30,26,0.3,0.0,2.0489182472229004
30,26,1.0,0.0,2.189201593399048
30,26,3.0,0.1,2.431256055831909
30,26,10.0,29.0,1.9953196048736572
30,26,30.0,100.0,2.5192010402679443
35,1,0.01,0.2,0.3977084159851074
35,1,0.03,1.0,0.3942446708679199
35,1,0.1,3.5,0.39874792098999023
35,1,0.3,9.5,0.39629220962524414
35,1,1.0,29.1,0.41165757179260254
35,1,3.0,62.7,0.4180150032043457
35,1,10.0,97.7,0.41361355781555176
35,1,30.0,100.0,0.4854414463043213
35,6,0.01,0.0,0.9486589431762695
35,6,0.03,0.0,0.9681496620178223
35,6,0.1,0.0,0.830345630645752
35,6,0.3,0.0,0.833611249923706
35,6,1.0,0.1,0.8071722984313965
35,6,3.0,7.800000000000001,0.813812255859375
35,6,10.0,76.7,1.1814825534820557
35,6,30.0,100.0,1.31620192527771
35,11,0.01,0.0,2.031714677810669
35,11,0.03,0.0,2.0105931758880615
35,11,0.1,0.0,2.016834020614624
35,11,0.3,0.0,1.9726698398590088
35,11,1.0,0.1,2.0141468048095703
35,11,3.0,1.2000000000000002,1.9801414012908936
35,11,10.0,52.6,2.1226131916046143
35,11,30.0,100.0,1.911259651184082
35,16,0.01,0.0,2.235403537750244
35,16,0.03,0.0,1.7109408378601074
35,16,0.1,0.0,1.8787965774536133
35,16,0.3,0.0,1.6660866737365723
35,16,1.0,0.0,1.6788711547851562
35,16,3.0,0.30000000000000004,2.205369234085083
35,16,10.0,41.5,1.856553077697754
35,16,30.0,100.0,1.6420207023620605
35,21,0.01,0.0,2.668771743774414
35,21,0.03,0.0,2.050337791442871
35,21,0.1,0.0,3.1433234214782715
35,21,0.3,0.0,3.6693646907806396
35,21,1.0,0.0,3.3210418224334717
35,21,3.0,0.30000000000000004,3.3036837577819824
35,21,10.0,38.6,3.2320313453674316
35,21,30.0,100.0,3.1901204586029053
35,26,0.01,0.0,3.2152445316314697
35,26,0.03,0.0,2.4048044681549072
35,26,0.1,0.0,2.884881019592285
35,26,0.3,0.0,2.3746798038482666
35,26,1.0,0.0,2.62459135055542
35,26,3.0,0.2,2.641127109527588
35,26,10.0,36.2,2.5932018756866455
35,26,30.0,100.0,2.6024274826049805
35,31,0.01,0.0,3.663235902786255
35,31,0.03,0.0,3.3095123767852783
35,31,0.1,0.0,4.589449644088745
35,31,0.3,0.0,5.343241930007935
35,31,1.0,0.0,5.091381788253784
35,31,3.0,0.0,4.971699953079224
35,31,10.0,30.3,4.988197088241577
35,31,30.0,100.0,4.303827285766602
40,1,0.01,0.5,0.4587721824645996
40,1,0.03,1.0,0.43605947494506836
40,1,0.1,3.5,0.4557802677154541
40,1,0.3,10.4,0.4349966049194336
40,1,1.0,31.200000000000003,0.4418494701385498
40,1,3.0,69.2,0.4467740058898926
40,1,10.0,98.30000000000001,0.4419593811035156
40,1,30.0,100.0,0.4438478946685791
40,7,0.01,0.0,1.0094478130340576
40,7,0.03,0.0,0.9815928936004639
40,7,0.1,0.0,0.9825198650360107
40,7,0.3,0.0,0.9777183532714844
40,7,1.0,0.1,1.0268316268920898
40,7,3.0,3.5,0.9994771480560303
40,7,10.0,67.2,1.4854872226715088
40,7,30.0,100.0,1.0204787254333496
40,13,0.01,0.0,1.5008113384246826
40,13,0.03,0.0,1.5238065719604492
40,13,0.1,0.0,2.0409886837005615
40,13,0.3,0.0,1.5220997333526611
40,13,1.0,0.0,1.5406060218811035
40,13,3.0,0.7000000000000001,2.058201789855957
40,13,10.0,54.800000000000004,1.4740355014801025
40,13,30.0,100.0,1.4421634674072266
40,19,0.01,0.0,2.624174118041992
40,19,0.03,0.0,2.094590425491333
40,19,0.1,0.0,2.576582431793213
40,19,0.3,0.0,3.4092769622802734
40,19,1.0,0.0,3.401963949203491
40,19,3.0,0.2,3.4090819358825684
40,19,10.0,43.400000000000006,3.374971628189087
40,19,30.0,100.0,2.998256206512451
40,25,0.01,0.0,2.596376419067383
40,25,0.03,0.0,3.1024746894836426
40,25,0.1,0.0,2.586465358734131
40,25,0.3,0.0,2.5890228748321533
40,25,1.0,0.0,3.0046167373657227
40,25,3.0,0.1,2.7526066303253174
40,25,10.0,39.0,3.1505393981933594
40,25,30.0,100.0,2.4593212604522705
40,31,0.01,0.0,3.6625494956970215
40,31,0.03,0.0,3.2632901668548584
40,31,0.1,0.0,4.307423114776611
40,31,0.3,0.0,5.2139246463775635
40,31,1.0,0.0,5.321077346801758
40,31,3.0,0.0,5.217350006103516
40,31,10.0,31.8,3.769805908203125
40,31,30.0,100.0,2.9475903511047363
40,37,0.01,0.0,4.052748441696167
40,37,0.03,0.0,4.380818605422974
40,37,0.1,0.0,5.460806131362915
40,37,0.3,0.0,6.775892019271851
40,37,1.0,0.0,6.754014492034912
40,37,3.0,0.0,6.6980016231536865
40,37,10.0,30.8,4.812915802001953
40,37,30.0,100.0,4.0113866329193115
45,1,0.01,0.4,0.4886925220489502
45,1,0.03,1.3,0.4828677177429199
45,1,0.1,4.3,0.48968935012817383
45,1,0.3,12.5,0.4950237274169922
45,1,1.0,32.800000000000004,0.4946777820587158
45,1,3.0,72.0,0.4838402271270752
45,1,10.0,98.30000000000001,0.4827091693878174
45,1,30.0,100.0,0.48437047004699707
45,7,0.01,0.0,1.440847396850586
45,7,0.03,0.0,1.320472002029419
45,7,0.1,0.0,1.1010541915893555
45,7,0.3,0.0,1.1160125732421875
45,7,1.0,0.0,1.204775094985962
45,7,3.0,3.9000000000000004,1.5554955005645752
45,7,10.0,76.2,1.1032912731170654
45,7,30.0,100.0,1.0560352802276611
45,13,0.01,0.0,1.9365131855010986
45,13,0.03,0.0,2.05696702003479
45,13,0.1,0.0,1.672553539276123
45,13,0.3,0.0,2.2144482135772705
45,13,1.0,0.0,1.789992094039917
45,13,3.0,0.7000000000000001,1.6829862594604492
45,13,10.0,59.800000000000004,2.233795404434204
45,13,30.0,100.0,1.921217441558838
45,19,0.01,0.0,3.875398635864258
45,19,0.03,0.0,3.8020620346069336
45,19,0.1,0.0,3.9242491722106934
45,19,0.3,0.0,3.770174503326416
45,19,1.0,0.0,2.2643492221832275
45,19,3.0,0.2,2.331763505935669
45,19,10.0,49.900000000000006,2.592064619064331
45,19,30.0,100.0,2.6979832649230957
45,25,0.01,0.0,3.9235000610351562
45,25,0.03,0.0,4.073103666305542
45,25,0.1,0.0,5.412490367889404
45,25,0.3,0.0,5.550201892852783
45,25,1.0,0.0,5.19776463508606
45,25,3.0,0.0,5.148544549942017
45,25,10.0,43.400000000000006,4.406086206436157
45,25,30.0,100.0,2.7624199390411377
45,31,0.01,0.0,3.9974477291107178
45,31,0.03,0.0,3.494657516479492
45,31,0.1,0.0,3.9831666946411133
45,31,0.3,0.0,4.008843898773193
45,31,1.0,0.0,3.5961005687713623
45,31,3.0,0.1,4.034284830093384
45,31,10.0,39.300000000000004,4.026396989822388
45,31,30.0,100.0,3.91456937789917
45,37,0.01,0.0,6.826887369155884
45,37,0.03,0.0,6.792687892913818
45,37,0.1,0.0,4.511279582977295
45,37,0.3,0.0,4.050195693969727
45,37,1.0,0.0,4.082079887390137
45,37,3.0,0.0,4.586730003356934
45,37,10.0,38.800000000000004,4.503783941268921
45,37,30.0,100.0,4.450938940048218
45,43,0.01,0.0,5.241572141647339
45,43,0.03,0.0,6.069301128387451
45,43,0.1,0.0,7.762455224990845
45,43,0.3,0.0,7.642556667327881
45,43,1.0,0.0,4.68746018409729
45,43,3.0,0.0,5.15122127532959
45,43,10.0,33.6,5.2045578956604
45,43,30.0,100.0,4.960821628570557
50,1,0.01,0.2,0.5516915321350098
50,1,0.03,1.1,0.5225975513458252
50,1,0.1,5.300000000000001,0.5347530841827393
50,1,0.3,14.9,0.524594783782959
50,1,1.0,38.6,0.5303494930267334
50,1,3.0,77.0,0.5327098369598389
50,1,10.0,99.2,0.5355985164642334
50,1,30.0,100.0,0.5308756828308105
50,8,0.01,0.0,1.3516595363616943
50,8,0.03,0.0,1.605154037475586
50,8,0.1,0.0,1.609999418258667
50,8,0.3,0.0,1.305830478668213
50,8,1.0,0.0,1.343193769454956
50,8,3.0,3.5,1.8444156646728516
50,8,10.0,77.5,1.2907044887542725
50,8,30.0,100.0,1.2768168449401855
50,15,0.01,0.0,2.619561195373535
50,15,0.03,0.0,3.496617317199707
50,15,0.1,0.0,3.56056809425354
50,15,0.3,0.0,3.4983763694763184
50,15,1.0,0.0,3.5107643604278564
50,15,3.0,0.4,3.623833656311035
50,15,10.0,53.800000000000004,2.458207845687866
50,15,30.0,100.0,2.0249743461608887
50,22,0.01,0.0,3.4320290088653564
50,22,0.03,0.0,2.8870432376861572
50,22,0.1,0.0,3.3948779106140137
50,22,0.3,0.0,2.9786217212677
50,22,1.0,0.0,3.3616371154785156
50,22,3.0,0.1,3.380514144897461
50,22,10.0,50.0,2.868072748184204
50,22,30.0,100.0,3.3181214332580566
50,29,0.01,0.0,4.14889931678772
50,29,0.03,0.0,3.645998001098633
50,29,0.1,0.0,4.184535264968872
50,29,0.3,0.0,4.98093843460083
50,29,1.0,0.0,6.086393356323242
50,29,3.0,0.0,6.045527219772339
50,29,10.0,44.0,4.812096118927002
50,29,30.0,100.0,3.437073230743408
50,36,0.01,0.0,4.995394229888916
50,36,0.03,0.0,5.001168727874756
50,36,0.1,0.0,4.944267988204956
50,36,0.3,0.0,4.959205627441406
50,36,1.0,0.0,4.925504207611084
50,36,3.0,0.0,5.115682601928711
50,36,10.0,39.7,5.865221738815308
50,36,30.0,100.0,7.757050275802612
50,43,0.01,0.0,8.934548139572144
50,43,0.03,0.0,5.1531829833984375
50,43,0.1,0.0,5.772590160369873
50,43,0.3,0.0,5.72636342048645
50,43,1.0,0.0,5.6446373462677
50,43,3.0,0.0,5.681176424026489
50,43,10.0,36.800000000000004,5.670034170150757
50,43,30.0,100.0,7.571971416473389
50,50,0.01,0.0,9.910066604614258
50,50,0.03,0.0,6.73357367515564
50,50,0.1,0.0,6.506957292556763
50,50,0.3,0.0,6.4480695724487305
50,50,1.0,0.0,6.589757919311523
50,50,3.0,0.0,6.897662162780762
50,50,10.0,34.800000000000004,6.362607002258301
50,50,30.0,100.0,7.6374733448028564
55,1,0.01,0.7000000000000001,0.9566442966461182
55,1,0.03,2.7,0.959761381149292
55,1,0.1,4.7,0.9982774257659912
55,1,0.3,13.5,0.9529786109924316
55,1,1.0,42.300000000000004,0.9626870155334473
55,1,3.0,81.7,0.9636924266815186
55,1,10.0,99.80000000000001,0.9606859683990479
55,1,30.0,100.0,0.948462724685669
55,8,0.01,0.0,2.371304750442505
55,8,0.03,0.0,2.399585008621216
55,8,0.1,0.0,1.8577630519866943
55,8,0.3,0.0,1.4434945583343506
55,8,1.0,0.0,1.4307856559753418
55,8,3.0,4.3,1.5291998386383057
55,8,10.0,80.9,1.9689693450927734
55,8,30.0,100.0,1.392772912979126
55,15,0.01,0.0,2.291623115539551
55,15,0.03,0.0,2.2856335639953613
55,15,0.1,0.0,2.8060402870178223
55,15,0.3,0.0,2.3091249465942383
55,15,1.0,0.0,2.596470355987549
55,15,3.0,0.4,2.523768901824951
55,15,10.0,59.1,2.432018995285034
55,15,30.0,100.0,2.5507314205169678
55,22,0.01,0.0,3.6769251823425293
55,22,0.03,0.0,5.219013929367065
55,22,0.1,0.0,5.198453664779663
55,22,0.3,0.0,5.165264368057251
55,22,1.0,0.0,3.335786819458008
55,22,3.0,0.30000000000000004,3.6477363109588623
55,22,10.0,51.800000000000004,3.1242754459381104
55,22,30.0,100.0,3.7996175289154053
55,29,0.01,0.0,4.478054761886597
55,29,0.03,0.0,4.396166563034058
55,29,0.1,0.0,4.127925157546997
55,29,0.3,0.0,4.44901180267334
55,29,1.0,0.0,4.5863118171691895
55,29,3.0,0.0,5.342531442642212
55,29,10.0,44.2,6.456429719924927
55,29,30.0,100.0,6.31550931930542
55,36,0.01,0.0,5.711404085159302
55,36,0.03,0.0,5.340512990951538
55,36,0.1,0.0,5.4698545932769775
55,36,0.3,0.0,5.311277866363525
55,36,1.0,0.0,5.4365434646606445
55,36,3.0,0.0,5.311483144760132
55,36,10.0,42.1,7.555610656738281
55,36,30.0,100.0,7.710373401641846
55,43,0.01,0.0,6.684552431106567
55,43,0.03,0.0,6.195112943649292
55,43,0.1,0.0,6.283299207687378
55,43,0.3,0.0,6.273381233215332
55,43,1.0,0.0,6.193216323852539
55,43,3.0,0.0,6.862550497055054
55,43,10.0,44.6,6.675862550735474
55,43,30.0,100.0,9.007267713546753
55,50,0.01,0.0,8.741105794906616
55,50,0.03,0.0,6.9837470054626465
55,50,0.1,0.0,7.617306709289551
55,50,0.3,0.0,7.100529193878174
55,50,1.0,0.0,7.132347345352173
55,50,3.0,0.0,8.12736964225769
55,50,10.0,40.1,10.595622539520264
55,50,30.0,100.0,7.860890865325928
60,1,0.01,0.5,0.9567711353302002
60,1,0.03,1.8,0.8360259532928467
60,1,0.1,5.5,0.61553955078125
60,1,0.3,14.200000000000001,0.6173481941223145
60,1,1.0,45.2,0.6085309982299805
60,1,3.0,81.5,0.6263241767883301
60,1,10.0,99.7,0.631516695022583
60,1,30.0,100.0,0.6133286952972412
60,8,0.01,0.0,1.5844368934631348
60,8,0.03,0.0,1.5648090839385986
60,8,0.1,0.0,1.5578324794769287
60,8,0.3,0.0,2.105426073074341
60,8,1.0,0.2,1.5596158504486084
60,8,3.0,5.0,1.5593185424804688
60,8,10.0,86.60000000000001,2.09433650970459
60,8,30.0,100.0,1.535154104232788
60,15,0.01,0.0,2.5988526344299316
60,15,0.03,0.0,2.9756572246551514
60,15,0.1,0.0,2.702716588973999
60,15,0.3,0.0,2.7809503078460693
60,15,1.0,0.0,2.8759357929229736
60,15,3.0,0.30000000000000004,3.286217212677002
60,15,10.0,62.5,4.078598499298096
60,15,30.0,100.0,4.249920606613159
60,22,0.01,0.0,5.691772222518921
60,22,0.03,0.0,4.002290725708008
60,22,0.1,0.0,4.075098991394043
60,22,0.3,0.0,3.68912935256958
60,22,1.0,0.0,3.6382687091827393
60,22,3.0,0.2,3.943450450897217
60,22,10.0,58.900000000000006,3.5996389389038086
60,22,30.0,100.0,3.7539167404174805
60,29,0.01,0.0,5.496829986572266
60,29,0.03,0.0,5.241978645324707
60,29,0.1,0.0,5.272973537445068
60,29,0.3,0.0,5.642826795578003
60,29,1.0,0.0,5.982024908065796
60,29,3.0,0.1,6.786198139190674
60,29,10.0,49.7,7.36229944229126
60,29,30.0,100.0,7.251573324203491
60,36,0.01,0.0,6.158575057983398
60,36,0.03,0.0,6.132856845855713
60,36,0.1,0.0,6.1760759353637695
60,36,0.3,0.0,6.28319239616394
60,36,1.0,0.0,9.378881216049194
60,36,3.0,0.1,9.214582443237305
60,36,10.0,46.0,6.956002473831177
60,36,30.0,100.0,5.818016767501831
60,43,0.01,0.0,7.712440252304077
60,43,0.03,0.0,10.717328786849976
60,43,0.1,0.0,10.622394800186157
60,43,0.3,0.0,7.0697150230407715
60,43,1.0,0.0,6.473061561584473
60,43,3.0,0.30000000000000004,6.86329460144043
60,43,10.0,45.5,6.7459516525268555
60,43,30.0,100.0,6.366134881973267
60,50,0.01,0.0,7.818272590637207
60,50,0.03,0.0,11.843183755874634
60,50,0.1,0.0,9.197412729263306
60,50,0.3,0.0,8.067259311676025
60,50,1.0,0.0,7.600807189941406
60,50,3.0,0.0,8.254593133926392
60,50,10.0,44.300000000000004,7.607308864593506
60,50,30.0,100.0,7.4124956130981445
60,57,0.01,0.0,8.763268232345581
60,57,0.03,0.0,8.758519649505615
60,57,0.1,0.0,8.707207679748535
60,57,0.3,0.0,8.801641702651978
60,57,1.0,0.0,13.085422992706299
60,57,3.0,0.0,9.780458688735962
60,57,10.0,40.6,8.42092251777649
60,57,30.0,100.0,8.464636087417603
65,1,0.01,0.4,0.6688632965087891
65,1,0.03,1.2000000000000002,0.6514730453491211
65,1,0.1,7.1000000000000005,0.655250072479248
65,1,0.3,18.5,0.7116684913635254
65,1,1.0,47.1,0.7276935577392578
65,1,3.0,84.4,0.72843337059021
65,1,10.0,100.0,0.731011152267456
65,1,30.0,100.0,0.733332633972168
65,9,0.01,0.0,2.0469582080841064
65,9,0.03,0.0,2.0920355319976807
65,9,0.1,0.0,2.2054412364959717
65,9,0.3,0.0,2.098703384399414
65,9,1.0,0.0,2.1111490726470947
65,9,3.0,2.8000000000000003,2.0847249031066895
65,9,10.0,82.2,1.9771883487701416
65,9,30.0,100.0,1.9735097885131836
65,17,0.01,0.0,3.242888927459717
65,17,0.03,0.0,3.419767141342163
65,17,0.1,0.0,3.270441770553589
65,17,0.3,0.0,3.247305393218994
65,17,1.0,0.0,3.2280168533325195
65,17,3.0,0.4,3.243227958679199
65,17,10.0,65.3,3.166572093963623
65,17,30.0,100.0,3.1208159923553467
65,25,0.01,0.0,4.487949371337891
65,25,0.03,0.0,4.4682457447052
65,25,0.1,0.0,4.512177467346191
65,25,0.3,0.0,4.489987850189209
65,25,1.0,0.0,4.54883074760437
65,25,3.0,0.1,4.520735740661621
65,25,10.0,58.800000000000004,4.4707419872283936
65,25,30.0,100.0,4.26707911491394
65,33,0.01,0.0,6.200858116149902
65,33,0.03,0.0,6.921924829483032
65,33,0.1,0.0,7.404027938842773
65,33,0.3,0.0,9.495595932006836
65,33,1.0,0.0,9.386006116867065
65,33,3.0,0.0,6.312680006027222
65,33,10.0,51.900000000000006,5.735276937484741
65,33,30.0,100.0,5.523493528366089
65,41,0.01,0.0,7.084650278091431
65,41,0.03,0.0,6.88770866394043
65,41,0.1,0.0,7.832719802856445
65,41,0.3,0.0,10.619831323623657
65,41,1.0,0.0,8.153717041015625
65,41,3.0,0.0,7.493002414703369
65,41,10.0,49.0,6.820055246353149
65,41,30.0,100.0,6.765260696411133
65,49,0.01,0.0,9.736283540725708
65,49,0.03,0.0,10.567501068115234
65,49,0.1,0.0,10.319039344787598
65,49,0.3,0.0,9.057895183563232
65,49,1.0,0.0,8.245624303817749
65,49,3.0,0.1,8.471839427947998
65,49,10.0,44.900000000000006,8.04330587387085
65,49,30.0,100.0,7.884381532669067
65,57,0.01,0.0,9.724084615707397
65,57,0.03,0.0,9.458882808685303
65,57,0.1,0.0,12.58298110961914
65,57,0.3,0.0,11.413370370864868
65,57,1.0,0.0,9.753880739212036
65,57,3.0,0.0,11.157031774520874
65,57,10.0,45.800000000000004,11.324440240859985
65,57,30.0,100.0,10.103888034820557
65,65,0.01,0.0,16.238064527511597
65,65,0.03,0.0,10.847502708435059
65,65,0.1,0.0,10.912950277328491
65,65,0.3,0.0,10.892577409744263
65,65,1.0,0.0,11.467154026031494
65,65,3.0,0.0,16.139185190200806
65,65,10.0,42.5,10.731834173202515
65,65,30.0,100.0,13.414860486984253
70,1,0.01,0.6000000000000001,1.029219150543213
70,1,0.03,2.1,1.0581693649291992
70,1,0.1,6.2,0.9773852825164795
70,1,0.3,19.200000000000003,0.9895901679992676
70,1,1.0,50.900000000000006,0.9896507263183594
70,1,3.0,87.0,1.0209107398986816
70,1,10.0,100.0,1.0028700828552246
70,1,30.0,100.0,0.9846301078796387
70,9,0.01,0.0,2.758064031600952
70,9,0.03,0.0,2.865551710128784
70,9,0.1,0.0,2.7677624225616455
70,9,0.3,0.0,2.39894700050354
70,9,1.0,0.0,2.166902542114258
70,9,3.0,2.1,2.1799581050872803
70,9,10.0,84.2,2.1675477027893066
70,9,30.0,100.0,2.0978496074676514
70,17,0.01,0.0,3.5227627754211426
70,17,0.03,0.0,3.574424982070923
70,17,0.1,0.0,3.568976402282715
70,17,0.3,0.0,3.5165603160858154
70,17,1.0,0.0,3.637305974960327
70,17,3.0,0.6000000000000001,3.72359037399292
70,17,10.0,68.60000000000001,3.4706802368164062
70,17,30.0,100.0,3.3081307411193848
70,25,0.01,0.0,4.79377007484436
70,25,0.03,0.0,4.780086517333984
70,25,0.1,0.0,4.769329786300659
70,25,0.3,0.0,4.897111654281616
70,25,1.0,0.0,4.925822734832764
70,25,3.0,0.1,4.8858888149261475
70,25,10.0,62.7,4.743111848831177
70,25,30.0,100.0,4.648739337921143
70,33,0.01,0.0,6.186042308807373
70,33,0.03,0.0,6.199881553649902
70,33,0.1,0.0,7.670377254486084
70,33,0.3,0.0,7.78001594543457
70,33,1.0,0.0,7.598580837249756
70,33,3.0,0.1,7.243128061294556
70,33,10.0,53.0,5.944108963012695
70,33,30.0,100.0,8.703209638595581
70,41,0.01,0.0,10.482179880142212
70,41,0.03,0.0,7.577857732772827
70,41,0.1,0.0,7.913442611694336
70,41,0.3,0.0,7.453218698501587
70,41,1.0,0.0,7.464205503463745
70,41,3.0,0.0,7.933537721633911
70,41,10.0,55.1,7.972039222717285
70,41,30.0,100.0,8.124804973602295
70,49,0.01,0.0,9.744068622589111
70,49,0.03,0.0,11.828512191772461
70,49,0.1,0.0,11.688404560089111
70,49,0.3,0.0,11.092353343963623
70,49,1.0,0.0,9.528575420379639
70,49,3.0,0.0,8.943288564682007
70,49,10.0,47.900000000000006,8.981900453567505
70,49,30.0,100.0,8.294955492019653
70,57,0.01,0.0,10.32784128189087
70,57,0.03,0.0,10.144357681274414
70,57,0.1,0.0,10.429748058319092
70,57,0.3,0.0,10.260349035263062
70,57,1.0,0.0,10.530101299285889
70,57,3.0,0.0,12.797248840332031
70,57,10.0,50.2,12.69390869140625
70,57,30.0,100.0,15.104806423187256
70,65,0.01,0.0,12.426764011383057
70,65,0.03,0.0,11.757044315338135
70,65,0.1,0.0,11.797921895980835
70,65,0.3,0.0,11.596737384796143
70,65,1.0,0.0,12.836419582366943
70,65,3.0,0.0,15.899176120758057
70,65,10.0,46.5,12.804327726364136
70,65,30.0,100.0,15.668100357055664
75,1,0.01,0.6000000000000001,1.134108066558838
75,1,0.03,1.5,1.1775901317596436
75,1,0.1,8.200000000000001,0.9984679222106934
75,1,0.3,17.900000000000002,0.9400265216827393
75,1,1.0,52.0,0.9308581352233887
75,1,3.0,89.60000000000001,0.881234884262085
75,1,10.0,99.9,0.8599011898040771
75,1,30.0,100.0,0.8519651889801025
75,9,0.01,0.0,2.406930685043335
75,9,0.03,0.0,2.480492115020752
75,9,0.1,0.0,2.4547274112701416
75,9,0.3,0.0,2.3963913917541504
75,9,1.0,0.0,2.3911983966827393
75,9,3.0,4.5,2.337217092514038
75,9,10.0,85.10000000000001,2.3447306156158447
75,9,30.0,100.0,2.290189504623413
75,17,0.01,0.0,3.9351966381073
75,17,0.03,0.0,4.0173985958099365
75,17,0.1,0.0,3.792893409729004
75,17,0.3,0.0,3.7495570182800293
75,17,1.0,0.0,3.718453884124756
75,17,3.0,0.6000000000000001,3.700096368789673
75,17,10.0,70.9,3.67834734916687
75,17,30.0,100.0,3.54813814163208
75,25,0.01,0.0,5.158328294754028
75,25,0.03,0.0,5.117114543914795
75,25,0.1,0.0,5.304142713546753
75,25,0.3,0.0,5.367904424667358
75,25,1.0,0.0,5.2808709144592285
75,25,3.0,0.2,5.21163535118103
75,25,10.0,62.300000000000004,5.615472793579102
75,25,30.0,100.0,6.0414862632751465
75,33,0.01,0.0,8.268773794174194
75,33,0.03,0.0,7.880574464797974
75,33,0.1,0.0,7.291983366012573
75,33,0.3,0.0,9.992300748825073
75,33,1.0,0.0,8.99893069267273
75,33,3.0,0.0,6.603366374969482
75,33,10.0,55.300000000000004,6.533520460128784
75,33,30.0,100.0,6.7339887619018555
75,41,0.01,0.0,7.931102275848389
75,41,0.03,0.0,8.374902963638306
75,41,0.1,0.0,9.879035472869873
75,41,0.3,0.0,12.081565380096436
75,41,1.0,0.0,7.712878227233887
75,41,3.0,0.0,8.827175855636597
75,41,10.0,53.6,10.550832986831665
75,41,30.0,100.0,13.605613231658936
75,49,0.01,0.0,12.631619453430176
75,49,0.03,0.0,9.335689067840576
75,49,0.1,0.0,10.015819787979126
75,49,0.3,0.0,9.974518775939941
75,49,1.0,0.0,13.014544010162354
75,49,3.0,0.0,12.083787679672241
75,49,10.0,49.300000000000004,9.077719449996948
75,49,30.0,100.0,9.700425624847412
75,57,0.01,0.0,12.941988706588745
75,57,0.03,0.0,18.68935227394104
75,57,0.1,0.0,12.363156080245972
75,57,0.3,0.0,11.389892101287842
75,57,1.0,0.0,11.615607738494873
75,57,3.0,0.0,16.42548108100891
75,57,10.0,48.5,10.84860610961914
75,57,30.0,100.0,10.680089235305786
75,65,0.01,0.0,12.484785079956055
75,65,0.03,0.0,15.460858345031738
75,65,0.1,0.0,22.736199855804443
75,65,0.3,0.0,13.494930982589722
75,65,1.0,0.0,12.387521982192993
75,65,3.0,0.0,15.430514574050903
75,65,10.0,47.800000000000004,15.891895055770874
75,65,30.0,100.0,11.546601295471191
75,73,0.01,0.0,14.263295888900757
75,73,0.03,0.0,16.73656129837036
75,73,0.1,0.0,22.057478427886963
75,73,0.3,0.0,14.383486270904541
75,73,1.0,0.0,14.573060035705566
75,73,3.0,0.0,22.64777135848999
75,73,10.0,46.900000000000006,19.62714171409607
75,73,30.0,100.0,19.539048194885254
80,1,0.01,1.0,1.5867533683776855
80,1,0.03,2.0,0.9365262985229492
80,1,0.1,8.3,0.9115302562713623
80,1,0.3,20.3,0.9734325408935547
80,1,1.0,54.5,0.9234914779663086
80,1,3.0,92.30000000000001,1.4481279850006104
80,1,10.0,100.0,0.9534802436828613
80,1,30.0,100.0,1.0042810440063477
80,9,0.01,0.0,3.2160086631774902
80,9,0.03,0.0,4.551709890365601
80,9,0.1,0.0,4.610501050949097
80,9,0.3,0.0,4.508387088775635
80,9,1.0,0.1,4.520390748977661
80,9,3.0,3.2,4.043705940246582
80,9,10.0,86.7,4.119948148727417
80,9,30.0,100.0,3.4189977645874023
80,17,0.01,0.0,3.6572558879852295
80,17,0.03,0.0,4.1683807373046875
80,17,0.1,0.0,4.175142765045166
80,17,0.3,0.0,3.695772171020508
80,17,1.0,0.0,4.175210237503052
80,17,3.0,0.6000000000000001,4.169138669967651
80,17,10.0,73.2,3.5432753562927246
80,17,30.0,100.0,4.0665740966796875
80,25,0.01,0.0,5.5719122886657715
80,25,0.03,0.0,5.615488767623901
80,25,0.1,0.0,5.5638298988342285
80,25,0.3,0.0,8.101226091384888
80,25,1.0,0.0,8.506507158279419
80,25,3.0,0.1,6.094837427139282
80,25,10.0,65.10000000000001,5.908524513244629
80,25,30.0,100.0,6.54163670539856
80,33,0.01,0.0,11.54377555847168
80,33,0.03,0.0,11.787428379058838
80,33,0.1,0.0,8.91013503074646
80,33,0.3,0.0,7.640758275985718
80,33,1.0,0.0,7.823021411895752
80,33,3.0,0.0,7.207956314086914
80,33,10.0,58.900000000000006,9.785158157348633
80,33,30.0,100.0,10.699341773986816
80,41,0.01,0.0,9.485082626342773
80,41,0.03,0.0,9.215347528457642
80,41,0.1,0.0,8.535788297653198
80,41,0.3,0.0,13.396848440170288
80,41,1.0,0.0,14.110580921173096
80,41,3.0,0.1,9.956768035888672
80,41,10.0,55.5,12.093189716339111
80,41,30.0,100.0,13.10697054862976
80,49,0.01,0.0,10.938518524169922
80,49,0.03,0.0,10.711831331253052
80,49,0.1,0.0,10.307406663894653
80,49,0.3,0.0,14.345121145248413
80,49,1.0,0.0,13.303605318069458
80,49,3.0,0.1,10.689162254333496
80,49,10.0,53.1,12.808435440063477
80,49,30.0,100.0,22.510884761810303
80,57,0.01,0.0,18.294211387634277
80,57,0.03,0.0,12.677445888519287
80,57,0.1,0.0,18.6752507686615
80,57,0.3,0.0,14.661861896514893
80,57,1.0,0.0,14.14881157875061
80,57,3.0,0.0,21.81477189064026
80,57,10.0,55.800000000000004,16.63619375228882
80,57,30.0,100.0,19.807091236114502
80,65,0.01,0.0,15.892509698867798
80,65,0.03,0.0,16.329837322235107
80,65,0.1,0.0,19.325079441070557
80,65,0.3,0.0,14.34235692024231
80,65,1.0,0.0,27.65862774848938
80,65,3.0,0.0,20.267568111419678
80,65,10.0,48.900000000000006,14.232501983642578
80,65,30.0,100.0,22.151888847351074
80,73,0.01,0.0,20.868218183517456
80,73,0.03,0.0,26.092736959457397
80,73,0.1,0.0,22.730003356933594
80,73,0.3,0.0,27.586089611053467
80,73,1.0,0.0,16.856021881103516
80,73,3.0,0.0,15.121160745620728
80,73,10.0,49.1,22.71425199508667
80,73,30.0,100.0,17.572444200515747
85,1,0.01,0.6000000000000001,2.547743082046509
85,1,0.03,2.9000000000000004,2.319838285446167
85,1,0.1,7.9,1.6376068592071533
85,1,0.3,23.400000000000002,1.8482847213745117
85,1,1.0,57.7,1.8858377933502197
85,1,3.0,92.30000000000001,1.767470359802246
85,1,10.0,100.0,1.7304503917694092
85,1,30.0,100.0,1.8458402156829834
85,10,0.01,0.0,5.245125770568848
85,10,0.03,0.0,5.1565985679626465
85,10,0.1,0.0,4.915379285812378
85,10,0.3,0.0,4.52865743637085
85,10,1.0,0.0,4.12614369392395
85,10,3.0,5.0,3.7660117149353027
85,10,10.0,86.2,2.5805511474609375
85,10,30.0,100.0,2.4335546493530273
85,19,0.01,0.0,4.383183479309082
85,19,0.03,0.0,4.734722137451172
85,19,0.1,0.0,7.6084535121917725
85,19,0.3,0.0,7.3073835372924805
85,19,1.0,0.0,7.074391603469849
85,19,3.0,0.6000000000000001,4.2085957527160645
85,19,10.0,71.5,4.911250352859497
85,19,30.0,100.0,4.691016912460327
85,28,0.01,0.0,6.000746488571167
85,28,0.03,0.0,7.164039850234985
85,28,0.1,0.0,8.803726196289062
85,28,0.3,0.0,9.16417407989502
85,28,1.0,0.0,8.853366613388062
85,28,3.0,0.0,7.316734790802002
85,28,10.0,66.9,6.425969362258911
85,28,30.0,100.0,6.293531656265259
85,37,0.01,0.0,8.389376401901245
85,37,0.03,0.0,8.713099002838135
85,37,0.1,0.0,8.32313084602356
85,37,0.3,0.0,8.231276512145996
85,37,1.0,0.0,8.194762945175171
85,37,3.0,0.1,11.760855436325073
85,37,10.0,60.300000000000004,9.828082799911499
85,37,30.0,100.0,7.835981130599976
85,46,0.01,0.0,13.491004467010498
85,46,0.03,0.0,17.40746521949768
85,46,0.1,0.0,11.934595108032227
85,46,0.3,0.0,11.214578628540039
85,46,1.0,0.0,10.575901746749878
85,46,3.0,0.0,10.140483617782593
85,46,10.0,56.900000000000006,9.969220161437988
85,46,30.0,100.0,9.798627614974976
85,55,0.01,0.0,12.001985311508179
85,55,0.03,0.0,16.585949659347534
85,55,0.1,0.0,17.86812424659729
85,55,0.3,0.0,15.27793025970459
85,55,1.0,0.0,16.15796685218811
85,55,3.0,0.0,12.694056034088135
85,55,10.0,55.2,11.95545768737793
85,55,30.0,100.0,11.887638092041016
85,64,0.01,0.0,20.260967016220093
85,64,0.03,0.0,14.12894320487976
85,64,0.1,0.0,20.70974063873291
85,64,0.3,0.0,17.95279335975647
85,64,1.0,0.0,13.804594993591309
85,64,3.0,0.0,13.750865936279297
85,64,10.0,51.900000000000006,14.035333395004272
85,64,30.0,100.0,16.535181999206543
85,73,0.01,0.0,16.579742431640625
85,73,0.03,0.0,18.25667452812195
85,73,0.1,0.0,22.316241979599
85,73,0.3,0.0,16.839998245239258
85,73,1.0,0.0,16.25832486152649
85,73,3.0,0.0,20.37858510017395
85,73,10.0,52.2,15.342364311218262
85,73,30.0,100.0,15.140529155731201
85,82,0.01,0.0,29.092570066452026
85,82,0.03,0.0,18.06023621559143
85,82,0.1,0.0,22.633286237716675
85,82,0.3,0.0,17.035640954971313
85,82,1.0,0.0,22.062422513961792
85,82,3.0,0.0,19.596111536026
85,82,10.0,48.6,26.31122875213623
85,82,30.0,100.0,18.042717933654785
90,1,0.01,0.5,0.9148499965667725
90,1,0.03,2.3000000000000003,0.9059123992919922
90,1,0.1,7.800000000000001,0.8881022930145264
90,1,0.3,21.5,0.9040167331695557
90,1,1.0,58.900000000000006,0.9083638191223145
90,1,3.0,93.10000000000001,0.8903615474700928
90,1,10.0,100.0,0.9559757709503174
90,1,30.0,100.0,0.8813164234161377
90,10,0.01,0.0,4.341745138168335
90,10,0.03,0.0,4.495237588882446
90,10,0.1,0.0,4.455458879470825
90,10,0.3,0.0,4.436655282974243
90,10,1.0,0.0,2.6748995780944824
90,10,3.0,3.2,2.6749496459960938
90,10,10.0,90.9,2.5966861248016357
90,10,30.0,100.0,2.6572606563568115
90,19,0.01,0.0,4.521071672439575
90,19,0.03,0.0,4.468914270401001
90,19,0.1,0.0,7.351531028747559
90,19,0.3,0.0,7.54288387298584
90,19,1.0,0.0,5.700869798660278
90,19,3.0,0.2,5.608814716339111
90,19,10.0,74.2,5.72792911529541
90,19,30.0,100.0,6.3951029777526855
90,28,0.01,0.0,12.007033348083496
90,28,0.03,0.0,10.603161573410034
90,28,0.1,0.0,6.450489282608032
90,28,0.3,0.0,7.623438835144043
90,28,1.0,0.0,7.362963438034058
90,28,3.0,0.1,8.309551477432251
90,28,10.0,64.4,11.232427835464478
90,28,30.0,100.0,9.682491779327393
90,37,0.01,0.0,8.268221855163574
90,37,0.03,0.0,10.053882360458374
90,37,0.1,0.0,13.803376197814941
90,37,0.3,0.0,12.285576343536377
90,37,1.0,0.0,12.220186233520508
90,37,3.0,0.2,14.139612436294556
90,37,10.0,62.0,8.056882381439209
90,37,30.0,100.0,8.130931377410889
90,46,0.01,0.0,11.14389157295227
90,46,0.03,0.0,15.270875453948975
90,46,0.1,0.0,15.361056089401245
90,46,0.3,0.0,11.557183027267456
90,46,1.0,0.0,14.051692485809326
90,46,3.0,0.0,20.71526312828064
90,46,10.0,60.400000000000006,13.082841873168945
90,46,30.0,100.0,15.877784252166748
90,55,0.01,0.0,15.37210464477539
90,55,0.03,0.0,12.214698314666748
90,55,0.1,0.0,15.88202691078186
90,55,0.3,0.0,14.297542810440063
90,55,1.0,0.0,13.067181587219238
90,55,3.0,0.1,20.331949949264526
90,55,10.0,57.0,18.26765012741089
90,55,30.0,100.0,11.86198616027832
90,64,0.01,0.0,15.938327550888062
90,64,0.03,0.0,20.786771535873413
90,64,0.1,0.0,23.370530128479004
90,64,0.3,0.0,27.325478315353394
90,64,1.0,0.0,29.468355894088745
90,64,3.0,0.0,19.176573038101196
90,64,10.0,56.1,26.56606936454773
90,64,30.0,100.0,27.645848035812378
90,73,0.01,0.0,30.077507972717285
90,73,0.03,0.0,23.01287841796875
90,73,0.1,0.0,16.590840101242065
90,73,0.3,0.0,16.645949840545654
90,73,1.0,0.0,23.343916416168213
90,73,3.0,0.0,19.875308990478516
90,73,10.0,55.6,21.271445989608765
90,73,30.0,100.0,15.823634624481201
90,82,0.01,0.0,18.884378671646118
90,82,0.03,0.0,18.439974308013916
90,82,0.1,0.0,18.981430292129517
90,82,0.3,0.0,26.479901790618896
90,82,1.0,0.0,28.427991151809692
90,82,3.0,0.0,17.728195905685425
90,82,10.0,53.400000000000006,22.315871238708496
90,82,30.0,100.0,19.95069408416748
95,1,0.01,0.5,1.1838510036468506
95,1,0.03,2.4000000000000004,0.9548749923706055
95,1,0.1,9.200000000000001,1.0991899967193604
95,1,0.3,22.700000000000003,0.9747719764709473
95,1,1.0,61.7,1.483548879623413
95,1,3.0,94.10000000000001,0.9274270534515381
95,1,10.0,100.0,0.9224894046783447
95,1,30.0,100.0,0.9185006618499756
95,10,0.01,0.0,2.883894205093384
95,10,0.03,0.0,3.252054214477539
95,10,0.1,0.0,5.77399206161499
95,10,0.3,0.0,5.633223533630371
95,10,1.0,0.1,5.734226226806641
95,10,3.0,5.800000000000001,5.323777198791504
95,10,10.0,91.4,3.893813371658325
95,10,30.0,100.0,3.9079976081848145
95,19,0.01,0.0,6.286379098892212
95,19,0.03,0.0,5.445100784301758
95,19,0.1,0.0,7.872988700866699
95,19,0.3,0.0,8.131769895553589
95,19,1.0,0.0,5.343838930130005
95,19,3.0,0.6000000000000001,5.420859098434448
95,19,10.0,76.4,4.6430504322052
95,19,30.0,100.0,5.006697416305542
95,28,0.01,0.0,7.04519248008728
95,28,0.03,0.0,11.293548107147217
95,28,0.1,0.0,9.141700506210327
95,28,0.3,0.0,7.521989822387695
95,28,1.0,0.0,8.400854349136353
95,28,3.0,0.0,13.262279987335205
95,28,10.0,68.9,12.524342060089111
95,28,30.0,100.0,8.542997360229492
95,37,0.01,0.0,11.097991466522217
95,37,0.03,0.0,13.806515455245972
95,37,0.1,0.0,9.068023681640625
95,37,0.3,0.0,9.54330563545227
95,37,1.0,0.0,9.318745613098145
95,37,3.0,0.1,13.285472393035889
95,37,10.0,63.400000000000006,16.146101713180542
95,37,30.0,100.0,12.878491401672363
95,46,0.01,0.0,18.21875286102295
95,46,0.03,0.0,10.324060916900635
95,46,0.1,0.0,10.94575023651123
95,46,0.3,0.0,15.636254787445068
95,46,1.0,0.0,12.717853784561157
95,46,3.0,0.0,11.023913145065308
95,46,10.0,60.5,11.415273666381836
95,46,30.0,100.0,15.786681652069092
95,55,0.01,0.0,16.478708028793335
95,55,0.03,0.0,19.835341453552246
95,55,0.1,0.0,16.927425861358643
95,55,0.3,0.0,14.053991317749023
95,55,1.0,0.0,18.638566970825195
95,55,3.0,0.0,14.03680157661438
95,55,10.0,57.2,13.143077850341797
95,55,30.0,100.0,19.771075010299683
95,64,0.01,0.0,18.660640954971313
95,64,0.03,0.0,23.501473903656006
95,64,0.1,0.0,15.92387056350708
95,64,0.3,0.0,16.198611736297607
95,64,1.0,0.0,20.277348041534424
95,64,3.0,0.0,15.2707839012146
95,64,10.0,57.1,22.46719717979431
95,64,30.0,100.0,19.730964422225952
95,73,0.01,0.0,17.753774166107178
95,73,0.03,0.0,21.124370336532593
95,73,0.1,0.0,19.893768072128296
95,73,0.3,0.0,17.81993794441223
95,73,1.0,0.0,28.779254913330078
95,73,3.0,0.0,22.004618167877197
95,73,10.0,56.300000000000004,25.841986179351807
95,73,30.0,100.0,16.414424896240234
95,82,0.01,0.0,21.954110145568848
95,82,0.03,0.0,27.917968273162842
95,82,0.1,0.0,27.829806089401245
95,82,0.3,0.0,18.617796897888184
95,82,1.0,0.0,26.101045846939087
95,82,3.0,0.0,19.71744680404663
95,82,10.0,56.0,27.71645426750183
95,82,30.0,100.0,21.30076551437378
95,91,0.01,0.0,27.933252096176147
95,91,0.03,0.0,20.93648386001587
95,91,0.1,0.0,25.023879528045654
95,91,0.3,0.0,29.353858709335327
95,91,1.0,0.0,26.19636368751526
95,91,3.0,0.0,26.725415468215942
95,91,10.0,56.300000000000004,20.579352378845215
95,91,30.0,100.0,25.54277491569519
