Length,No. of Transmits,Deletion Probability,Percentage Error,Time Taken
10,3,0.1,0.0,0.23261737823486328
10,3,0.3,0.1,0.2100536823272705
10,3,1.0,0.7000000000000001,0.21215057373046875
10,3,3.0,4.6000000000000005,0.2112586498260498
10,3,10.0,39.400000000000006,0.2164149284362793
10,6,0.1,0.0,0.2816154956817627
10,6,0.3,0.0,0.2935659885406494
10,6,1.0,0.1,0.28093957901000977
10,6,3.0,2.3000000000000003,0.2798635959625244
10,6,10.0,30.200000000000003,0.2787284851074219
10,9,0.1,0.0,0.3522682189941406
10,9,0.3,0.0,0.3472714424133301
10,9,1.0,0.0,0.3486294746398926
10,9,3.0,0.1,0.34782838821411133
10,9,10.0,18.400000000000002,0.3445088863372803
10,12,0.1,0.0,0.42438840866088867
10,12,0.3,0.0,0.41971778869628906
10,12,1.0,0.0,0.4293334484100342
10,12,3.0,0.0,0.4173705577850342
10,12,10.0,11.8,0.412822961807251
10,15,0.1,0.0,0.48295116424560547
10,15,0.3,0.0,0.48445963859558105
10,15,1.0,0.0,0.4858832359313965
10,15,3.0,0.1,0.4941701889038086
10,15,10.0,9.3,0.4801793098449707
10,18,0.1,0.0,0.5711522102355957
10,18,0.3,0.0,0.553386926651001
10,18,1.0,0.0,0.5497174263000488
10,18,3.0,0.1,0.549483060836792
10,18,10.0,8.5,0.5452225208282471
10,21,0.1,0.0,0.6362321376800537
10,21,0.3,0.0,0.6253683567047119
10,21,1.0,0.0,0.6190624237060547
10,21,3.0,0.0,0.6206667423248291
10,21,10.0,9.0,0.6183156967163086
10,24,0.1,0.0,0.6968884468078613
10,24,0.3,0.0,0.6916348934173584
10,24,1.0,0.0,0.6862988471984863
10,24,3.0,0.0,1.1967105865478516
10,24,10.0,6.7,0.7587313652038574
10,27,0.1,0.0,0.7746284008026123
10,27,0.3,0.0,0.765493631362915
10,27,1.0,0.0,0.7612557411193848
10,27,3.0,0.0,0.7571115493774414
10,27,10.0,6.7,1.010627269744873
10,30,0.1,0.0,1.100797414779663
10,30,0.3,0.0,0.831411600112915
10,30,1.0,0.0,0.8329336643218994
10,30,3.0,0.0,0.8189470767974854
10,30,10.0,6.300000000000001,0.8166651725769043
10,33,0.1,0.0,1.3165984153747559
10,33,0.3,0.0,1.013814926147461
10,33,1.0,0.0,0.8924977779388428
10,33,3.0,0.0,0.8870124816894531
10,33,10.0,6.300000000000001,0.8805060386657715
10,36,0.1,0.0,1.1993649005889893
10,36,0.3,0.0,1.2905566692352295
10,36,1.0,0.0,0.9661693572998047
10,36,3.0,0.0,0.969214677810669
10,36,10.0,5.4,0.9556105136871338
10,39,0.1,0.0,1.3471391201019287
10,39,0.3,0.0,1.7657599449157715
10,39,1.0,0.0,1.7368950843811035
10,39,3.0,0.0,1.769416093826294
10,39,10.0,4.9,1.7335679531097412
10,42,0.1,0.0,1.907477855682373
10,42,0.3,0.0,1.8480048179626465
10,42,1.0,0.0,1.8631737232208252
10,42,3.0,0.0,1.9013805389404297
10,42,10.0,5.300000000000001,1.8671984672546387
10,45,0.1,0.0,1.2448632717132568
10,45,0.3,0.0,1.1890223026275635
10,45,1.0,0.0,1.1940181255340576
10,45,3.0,0.0,1.1974966526031494
10,45,10.0,4.1000000000000005,1.5206077098846436
10,48,0.1,0.0,1.4493408203125
10,48,0.3,0.0,1.2493703365325928
10,48,1.0,0.0,1.2395124435424805
10,48,3.0,0.0,1.7498648166656494
10,48,10.0,4.9,1.2671775817871094
15,3,0.1,0.0,0.2776832580566406
15,3,0.3,0.2,0.27695178985595703
15,3,1.0,0.8,0.2754380702972412
15,3,3.0,8.3,0.28283119201660156
15,3,10.0,53.400000000000006,0.2749481201171875
15,6,0.1,0.0,0.3758816719055176
15,6,0.3,0.0,0.3801548480987549
15,6,1.0,0.4,0.392087459564209
15,6,3.0,3.0,0.3881189823150635
15,6,10.0,41.800000000000004,0.37711310386657715
15,9,0.1,0.0,0.4817204475402832
15,9,0.3,0.0,0.4924812316894531
15,9,1.0,0.0,0.48755717277526855
15,9,3.0,0.2,0.47568845748901367
15,9,10.0,27.0,0.6352241039276123
15,12,0.1,0.0,0.9608662128448486
15,12,0.3,0.0,0.6391944885253906
15,12,1.0,0.0,0.5879738330841064
15,12,3.0,0.30000000000000004,0.5811905860900879
15,12,10.0,22.900000000000002,0.5969028472900391
15,15,0.1,0.0,0.7029547691345215
15,15,0.3,0.0,0.6813538074493408
15,15,1.0,0.0,1.0138556957244873
15,15,3.0,0.2,0.8911399841308594
15,15,10.0,19.700000000000003,0.6947610378265381
15,18,0.1,0.0,0.7794845104217529
15,18,0.3,0.0,0.788449764251709
15,18,1.0,0.0,0.7861099243164062
15,18,3.0,0.1,0.9306440353393555
15,18,10.0,18.1,1.1667444705963135
15,21,0.1,0.0,0.8868176937103271
15,21,0.3,0.0,0.9064106941223145
15,21,1.0,0.0,0.9044640064239502
15,21,3.0,0.0,0.8846542835235596
15,21,10.0,14.8,1.3213672637939453
15,24,0.1,0.0,1.0793323516845703
15,24,0.3,0.0,0.9784455299377441
15,24,1.0,0.0,1.088348627090454
15,24,3.0,0.0,1.0911321640014648
15,24,10.0,15.600000000000001,1.0731372833251953
15,27,0.1,0.0,1.2072336673736572
15,27,0.3,0.0,1.2004969120025635
15,27,1.0,0.0,1.202847957611084
15,27,3.0,0.0,1.192765474319458
15,27,10.0,11.200000000000001,1.1749823093414307
15,30,0.1,0.0,1.3106000423431396
15,30,0.3,0.0,1.3299798965454102
15,30,1.0,0.0,1.3124723434448242
15,30,3.0,0.1,1.2970163822174072
15,30,10.0,12.600000000000001,1.2833857536315918
15,33,0.1,0.0,1.3980891704559326
15,33,0.3,0.0,1.4008538722991943
15,33,1.0,0.0,1.4225714206695557
15,33,3.0,0.0,1.4223031997680664
15,33,10.0,10.5,1.4025728702545166
15,36,0.1,0.0,1.6086227893829346
15,36,0.3,0.0,1.705317735671997
15,36,1.0,0.0,1.6007671356201172
15,36,3.0,0.0,1.5387170314788818
15,36,10.0,12.600000000000001,1.4961822032928467
15,39,0.1,0.0,1.6275115013122559
15,39,0.3,0.0,1.628129005432129
15,39,1.0,0.0,1.6303863525390625
15,39,3.0,0.0,1.6171154975891113
15,39,10.0,11.600000000000001,1.6173293590545654
15,42,0.1,0.0,2.358051061630249
15,42,0.3,0.0,2.692525863647461
15,42,1.0,0.0,2.727199077606201
15,42,3.0,0.0,2.6598410606384277
15,42,10.0,10.600000000000001,2.6489689350128174
15,45,0.1,0.0,2.855987071990967
15,45,0.3,0.0,1.9220130443572998
15,45,1.0,0.0,1.7106168270111084
15,45,3.0,0.0,1.7006349563598633
15,45,10.0,9.600000000000001,1.7015819549560547
15,48,0.1,0.0,1.787046194076538
15,48,0.3,0.0,1.8135690689086914
15,48,1.0,0.0,1.7868223190307617
15,48,3.0,0.0,2.3379645347595215
15,48,10.0,9.600000000000001,1.7786405086517334
20,3,0.1,0.0,0.3545989990234375
20,3,0.3,0.2,0.3455932140350342
20,3,1.0,1.3,0.351332426071167
20,3,3.0,12.5,0.36095643043518066
20,3,10.0,64.2,0.5906264781951904
20,6,0.1,0.0,0.7814540863037109
20,6,0.3,0.0,0.4811432361602783
20,6,1.0,0.0,0.4753439426422119
20,6,3.0,3.9000000000000004,0.4822499752044678
20,6,10.0,55.800000000000004,0.4790313243865967
20,9,0.1,0.0,0.6184418201446533
20,9,0.3,0.0,0.610680103302002
20,9,1.0,0.1,0.6130399703979492
20,9,3.0,0.4,0.6715328693389893
20,9,10.0,34.5,0.6634042263031006
20,12,0.1,0.0,0.819145917892456
20,12,0.3,0.0,0.8196027278900146
20,12,1.0,0.0,0.882683515548706
20,12,3.0,0.30000000000000004,0.8211588859558105
20,12,10.0,30.0,0.8094024658203125
20,15,0.1,0.0,0.9645864963531494
20,15,0.3,0.0,0.9636397361755371
20,15,1.0,0.0,0.9617478847503662
20,15,3.0,0.1,0.9535372257232666
20,15,10.0,25.200000000000003,0.9629786014556885
20,18,0.1,0.0,1.125566005706787
20,18,0.3,0.0,1.1023988723754883
20,18,1.0,0.0,1.1208250522613525
20,18,3.0,0.1,1.1089973449707031
20,18,10.0,23.1,1.0852041244506836
20,21,0.1,0.0,1.2510652542114258
20,21,0.3,0.0,1.2563254833221436
20,21,1.0,0.0,1.2485039234161377
20,21,3.0,0.1,1.2514526844024658
20,21,10.0,22.5,1.2159602642059326
20,24,0.1,0.0,1.3835957050323486
20,24,0.3,0.0,1.3774738311767578
20,24,1.0,0.0,1.412334680557251
20,24,3.0,0.0,1.5467617511749268
20,24,10.0,20.200000000000003,1.3778762817382812
20,27,0.1,0.0,1.535175085067749
20,27,0.3,0.0,1.5360517501831055
20,27,1.0,0.0,1.6741032600402832
20,27,3.0,0.0,2.3425323963165283
20,27,10.0,18.3,2.3391942977905273
20,30,0.1,0.0,2.604264736175537
20,30,0.3,0.0,2.6138198375701904
20,30,1.0,0.0,2.5873444080352783
20,30,3.0,0.0,2.5859992504119873
20,30,10.0,16.1,1.725271463394165
20,33,0.1,0.0,1.671072244644165
20,33,0.3,0.0,1.6720912456512451
20,33,1.0,0.0,1.688424825668335
20,33,3.0,0.0,1.683955430984497
20,33,10.0,15.600000000000001,1.669795036315918
20,36,0.1,0.0,1.8223071098327637
20,36,0.3,0.0,1.8350815773010254
20,36,1.0,0.0,1.8289010524749756
20,36,3.0,0.0,2.3589539527893066
20,36,10.0,17.5,1.798673152923584
20,39,0.1,0.0,1.9411165714263916
20,39,0.3,0.0,2.4997520446777344
20,39,1.0,0.0,1.953115701675415
20,39,3.0,0.1,2.066909074783325
20,39,10.0,15.0,2.0926406383514404
20,42,0.1,0.0,2.2775580883026123
20,42,0.3,0.0,2.2634224891662598
20,42,1.0,0.0,2.2712783813476562
20,42,3.0,0.0,2.487428903579712
20,42,10.0,14.100000000000001,2.227541208267212
20,45,0.1,0.0,2.457853078842163
20,45,0.3,0.0,2.4006195068359375
20,45,1.0,0.0,2.3954038619995117
20,45,3.0,0.0,3.5708212852478027
20,45,10.0,13.700000000000001,3.6794421672821045
20,48,0.1,0.0,3.930647850036621
20,48,0.3,0.0,3.9317023754119873
20,48,1.0,0.0,2.9270286560058594
20,48,3.0,0.0,2.3223581314086914
20,48,10.0,14.3,2.307224750518799
25,3,0.1,0.0,0.40817689895629883
25,3,0.3,0.5,0.4144878387451172
25,3,1.0,1.7000000000000002,0.4085266590118408
25,3,3.0,15.9,0.41168761253356934
25,3,10.0,73.9,0.4049355983734131
25,6,0.1,0.0,0.6149353981018066
25,6,0.3,0.0,0.5809366703033447
25,6,1.0,0.1,0.5911548137664795
25,6,3.0,4.1000000000000005,0.5904843807220459
25,6,10.0,63.300000000000004,0.5932724475860596
25,9,0.1,0.0,0.7452874183654785
25,9,0.3,0.0,0.7507126331329346
25,9,1.0,0.0,0.7470600605010986
25,9,3.0,0.8,0.7414755821228027
25,9,10.0,41.7,0.751422643661499
25,12,0.1,0.0,0.903052568435669
25,12,0.3,0.0,0.9343440532684326
25,12,1.0,0.0,1.0960564613342285
25,12,3.0,0.5,1.2646517753601074
25,12,10.0,37.0,0.901848554611206
25,15,0.1,0.0,1.0895533561706543
25,15,0.3,0.0,1.0747299194335938
25,15,1.0,0.0,1.091200590133667
25,15,3.0,0.1,1.0711734294891357
25,15,10.0,33.800000000000004,1.1173064708709717
25,18,0.1,0.0,2.0774199962615967
25,18,0.3,0.0,2.0759329795837402
25,18,1.0,0.0,2.1002700328826904
25,18,3.0,0.2,2.154057502746582
25,18,10.0,31.400000000000002,2.0503602027893066
25,21,0.1,0.0,2.3580284118652344
25,21,0.3,0.0,2.3512938022613525
25,21,1.0,0.0,2.244671106338501
25,21,3.0,0.0,1.3941619396209717
25,21,10.0,23.900000000000002,1.3947315216064453
25,24,0.1,0.0,1.5788404941558838
25,24,0.3,0.0,1.6098899841308594
25,24,1.0,0.0,2.106919050216675
25,24,3.0,0.0,1.5719397068023682
25,24,10.0,22.400000000000002,1.5460920333862305
25,27,0.1,0.0,2.280683994293213
25,27,0.3,0.0,1.7705307006835938
25,27,1.0,0.0,1.758547067642212
25,27,3.0,0.0,1.7255299091339111
25,27,10.0,22.1,1.714322566986084
25,30,0.1,0.0,2.4573540687561035
25,30,0.3,0.0,1.9138827323913574
25,30,1.0,0.0,1.9120702743530273
25,30,3.0,0.0,1.9311645030975342
25,30,10.0,20.5,2.0626723766326904
25,33,0.1,0.0,2.9059793949127197
25,33,0.3,0.0,3.4899401664733887
25,33,1.0,0.0,3.4511654376983643
25,33,3.0,0.0,3.44494366645813
25,33,10.0,20.200000000000003,2.487666368484497
25,36,0.1,0.0,2.237617015838623
25,36,0.3,0.0,2.8724451065063477
25,36,1.0,0.0,2.2212963104248047
25,36,3.0,0.0,2.8494160175323486
25,36,10.0,22.3,2.193249225616455
25,39,0.1,0.0,2.431072950363159
25,39,0.3,0.0,2.93135929107666
25,39,1.0,0.0,2.520251512527466
25,39,3.0,0.0,2.6455025672912598
25,39,10.0,18.8,2.6192948818206787
25,42,0.1,0.0,2.811638116836548
25,42,0.3,0.0,3.1362521648406982
25,42,1.0,0.0,2.8659701347351074
25,42,3.0,0.0,2.835042715072632
25,42,10.0,19.700000000000003,2.8351171016693115
25,45,0.1,0.0,3.1578056812286377
25,45,0.3,0.0,3.017582654953003
25,45,1.0,0.0,3.0433497428894043
25,45,3.0,0.0,2.9748177528381348
25,45,10.0,19.6,3.0115978717803955
25,48,0.1,0.0,3.193429470062256
25,48,0.3,0.0,3.1779725551605225
25,48,1.0,0.0,3.3530824184417725
25,48,3.0,0.0,3.14664888381958
25,48,10.0,17.0,3.0992238521575928
30,3,0.1,0.0,0.5194091796875
30,3,0.3,0.2,0.5290145874023438
30,3,1.0,1.4000000000000001,0.5229895114898682
30,3,3.0,15.9,0.5220339298248291
30,3,10.0,81.0,0.5131912231445312
30,6,0.1,0.0,0.7454214096069336
30,6,0.3,0.0,0.7397153377532959
30,6,1.0,0.2,0.736269474029541
30,6,3.0,5.7,0.7295360565185547
30,6,10.0,69.60000000000001,0.7389867305755615
30,9,0.1,0.0,0.9551477432250977
30,9,0.3,0.0,0.9638020992279053
30,9,1.0,0.0,0.9643669128417969
30,9,3.0,1.8,0.9441831111907959
30,9,10.0,48.900000000000006,0.9287936687469482
30,12,0.1,0.0,1.1736786365509033
30,12,0.3,0.0,1.1556851863861084
30,12,1.0,0.0,1.158324956893921
30,12,3.0,0.6000000000000001,1.1613945960998535
30,12,10.0,46.400000000000006,1.1566898822784424
30,15,0.1,0.0,1.419957160949707
30,15,0.3,0.0,1.3761415481567383
30,15,1.0,0.0,1.3789482116699219
30,15,3.0,0.1,1.3751411437988281
30,15,10.0,37.800000000000004,1.3446063995361328
30,18,0.1,0.0,1.6134026050567627
30,18,0.3,0.0,1.5968751907348633
30,18,1.0,0.0,1.639979600906372
30,18,3.0,0.30000000000000004,1.6058168411254883
30,18,10.0,36.1,1.5722019672393799
30,21,0.1,0.0,2.319316864013672
30,21,0.3,0.0,2.8131940364837646
30,21,1.0,0.0,2.8155770301818848
30,21,3.0,0.0,2.7740941047668457
30,21,10.0,29.700000000000003,2.725900173187256
30,24,0.1,0.0,3.1470537185668945
30,24,0.3,0.0,1.9317538738250732
30,24,1.0,0.0,1.9140808582305908
30,24,3.0,0.0,2.3904871940612793
30,24,10.0,30.1,1.8137354850769043
30,27,0.1,0.0,2.0594565868377686
30,27,0.3,0.0,2.047769069671631
30,27,1.0,0.0,2.0702691078186035
30,27,3.0,0.0,2.180603504180908
30,27,10.0,28.0,2.4992752075195312
30,30,0.1,0.0,2.2976772785186768
30,30,0.3,0.0,2.802663803100586
30,30,1.0,0.0,2.2335517406463623
30,30,3.0,0.0,2.7962164878845215
30,30,10.0,25.700000000000003,2.2444283962249756
30,33,0.1,0.0,3.025892496109009
30,33,0.3,0.0,2.48002290725708
30,33,1.0,0.0,3.680347442626953
30,33,3.0,0.1,4.094615459442139
30,33,10.0,24.700000000000003,4.030085802078247
30,36,0.1,0.0,4.446077108383179
30,36,0.3,0.0,2.8589680194854736
30,36,1.0,0.0,2.685419797897339
30,36,3.0,0.0,3.1798014640808105
30,36,10.0,27.0,2.859625816345215
30,39,0.1,0.0,3.2050724029541016
30,39,0.3,0.0,3.3985142707824707
30,39,1.0,0.0,2.863395929336548
30,39,3.0,0.0,3.352966070175171
30,39,10.0,22.200000000000003,2.8609871864318848
30,42,0.1,0.0,3.5377514362335205
30,42,0.3,0.0,3.0992815494537354
30,42,1.0,0.0,3.525534152984619
30,42,3.0,0.0,3.5881361961364746
30,42,10.0,25.900000000000002,3.0178751945495605
30,45,0.1,0.0,5.192576885223389
30,45,0.3,0.0,5.424598693847656
30,45,1.0,0.0,5.438172101974487
30,45,3.0,0.0,3.9186201095581055
30,45,10.0,23.400000000000002,3.176619529724121
30,48,0.1,0.0,3.4983913898468018
30,48,0.3,0.0,4.001963376998901
30,48,1.0,0.0,3.448880434036255
30,48,3.0,0.0,3.985405921936035
30,48,10.0,24.1,3.4179775714874268
35,3,0.1,0.0,0.5409157276153564
35,3,0.3,0.2,0.5473408699035645
35,3,1.0,3.3000000000000003,0.561586856842041
35,3,3.0,19.3,0.5409255027770996
35,3,10.0,86.7,0.5326786041259766
35,6,0.1,0.0,0.7696599960327148
35,6,0.3,0.0,0.8670299053192139
35,6,1.0,0.4,1.3217411041259766
35,6,3.0,6.9,1.2900381088256836
35,6,10.0,76.60000000000001,1.272139549255371
35,9,0.1,0.0,1.698812484741211
35,9,0.3,0.0,1.7525110244750977
35,9,1.0,0.0,1.688183307647705
35,9,3.0,1.3,1.6735658645629883
35,9,10.0,60.1,1.6676030158996582
35,12,0.1,0.0,2.055772304534912
35,12,0.3,0.0,2.061619281768799
35,12,1.0,0.0,1.4998297691345215
35,12,3.0,0.9,1.2313942909240723
35,12,10.0,50.5,1.216273307800293
35,15,0.1,0.0,2.0331881046295166
35,15,0.3,0.0,1.4531903266906738
35,15,1.0,0.0,1.4762394428253174
35,15,3.0,0.30000000000000004,1.4906408786773682
35,15,10.0,42.6,1.479649305343628
35,18,0.1,0.0,1.6762874126434326
35,18,0.3,0.0,1.7023825645446777
35,18,1.0,0.0,1.9207103252410889
35,18,3.0,0.1,1.9897103309631348
35,18,10.0,41.400000000000006,1.6736524105072021
35,21,0.1,0.0,2.4733800888061523
35,21,0.3,0.0,1.94508957862854
35,21,1.0,0.0,1.9273324012756348
35,21,3.0,0.1,2.460085868835449
35,21,10.0,37.9,1.9902758598327637
35,24,0.1,0.0,2.3549511432647705
35,24,0.3,0.0,2.3647353649139404
35,24,1.0,0.0,2.354142665863037
35,24,3.0,0.1,2.3833720684051514
35,24,10.0,32.7,2.330031156539917
35,27,0.1,0.0,2.589630365371704
35,27,0.3,0.0,2.5879201889038086
35,27,1.0,0.0,2.678476333618164
35,27,3.0,0.0,2.6013193130493164
35,27,10.0,31.400000000000002,2.5913920402526855
35,30,0.1,0.0,2.8621373176574707
35,30,0.3,0.0,2.8903911113739014
35,30,1.0,0.0,4.034963130950928
35,30,3.0,0.0,4.384269714355469
35,30,10.0,31.0,4.3860461711883545
35,33,0.1,0.0,4.52243447303772
35,33,0.3,0.0,2.8328990936279297
35,33,1.0,0.0,2.912108898162842
35,33,3.0,0.0,3.357344388961792
35,33,10.0,29.1,2.8261349201202393
35,36,0.1,0.0,3.597529649734497
35,36,0.3,0.0,3.0937535762786865
35,36,1.0,0.0,3.0899994373321533
35,36,3.0,0.0,3.0769152641296387
35,36,10.0,29.700000000000003,3.54215145111084
35,39,0.1,0.0,4.302807331085205
35,39,0.3,0.0,5.498074769973755
35,39,1.0,0.0,5.520495176315308
35,39,3.0,0.0,4.329984426498413
35,39,10.0,31.0,3.218977928161621
35,42,0.1,0.0,3.526719331741333
35,42,0.3,0.0,3.53538179397583
35,42,1.0,0.0,3.5366158485412598
35,42,3.0,0.0,4.168216943740845
35,42,10.0,26.3,3.870607852935791
35,45,0.1,0.0,3.9762468338012695
35,45,0.3,0.0,5.326316833496094
35,45,1.0,0.0,6.32272744178772
35,45,3.0,0.0,6.189939260482788
35,45,10.0,28.1,3.727806329727173
35,48,0.1,0.0,4.554844856262207
35,48,0.3,0.0,4.6183788776397705
35,48,1.0,0.0,3.9853532314300537
35,48,3.0,0.0,4.602148771286011
35,48,10.0,23.8,4.493253469467163
40,3,0.1,0.0,0.6096832752227783
40,3,0.3,0.4,0.6109399795532227
40,3,1.0,3.1,0.6169726848602295
40,3,3.0,24.6,0.6137168407440186
40,3,10.0,87.7,0.607973575592041
40,6,0.1,0.0,0.879817008972168
40,6,0.3,0.0,0.9576539993286133
40,6,1.0,0.6000000000000001,0.9543285369873047
40,6,3.0,8.6,1.0662968158721924
40,6,10.0,79.5,1.0000624656677246
40,9,0.1,0.0,1.226682424545288
40,9,0.3,0.0,1.2494933605194092
40,9,1.0,0.0,1.234865427017212
40,9,3.0,1.4000000000000001,1.2308802604675293
40,9,10.0,60.0,1.2211520671844482
40,12,0.1,0.0,1.526705265045166
40,12,0.3,0.0,1.851025104522705
40,12,1.0,0.0,2.35695481300354
40,12,3.0,1.0,2.357496738433838
40,12,10.0,57.5,2.3270344734191895
40,15,0.1,0.0,2.8626654148101807
40,15,0.3,0.0,2.798884153366089
40,15,1.0,0.0,2.0831871032714844
40,15,3.0,0.4,1.6766588687896729
40,15,10.0,45.2,1.628075122833252
40,18,0.1,0.0,1.9253737926483154
40,18,0.3,0.0,1.9325306415557861
40,18,1.0,0.0,1.9491119384765625
40,18,3.0,0.0,1.9744253158569336
40,18,10.0,47.1,1.9141204357147217
40,21,0.1,0.0,2.2359228134155273
40,21,0.3,0.0,2.750185489654541
40,21,1.0,0.0,2.2360754013061523
40,21,3.0,0.2,2.263983726501465
40,21,10.0,41.5,2.733327865600586
40,24,0.1,0.0,4.122123718261719
40,24,0.3,0.0,4.101706027984619
40,24,1.0,0.0,4.125476121902466
40,24,3.0,0.1,3.4897031784057617
40,24,10.0,39.1,2.4151079654693604
40,27,0.1,0.0,2.701124906539917
40,27,0.3,0.0,2.7303965091705322
40,27,1.0,0.0,3.2596402168273926
40,27,3.0,0.0,2.747857093811035
40,27,10.0,33.2,3.1914258003234863
40,30,0.1,0.0,3.512512683868408
40,30,0.3,0.0,3.0339174270629883
40,30,1.0,0.0,3.4922571182250977
40,30,3.0,0.0,3.1149449348449707
40,30,10.0,35.300000000000004,3.3885905742645264
40,33,0.1,0.0,3.7071683406829834
40,33,0.3,0.0,3.6757547855377197
40,33,1.0,0.0,3.7811591625213623
40,33,3.0,0.0,3.6219582557678223
40,33,10.0,34.5,3.674621820449829
40,36,0.1,0.0,4.09085488319397
40,36,0.3,0.0,4.208400249481201
40,36,1.0,0.0,3.8866841793060303
40,36,3.0,0.0,5.0714216232299805
40,36,10.0,33.800000000000004,5.810309171676636
40,39,0.1,0.0,6.4188244342803955
40,39,0.3,0.0,3.8911147117614746
40,39,1.0,0.0,4.580960035324097
40,39,3.0,0.0,3.8384547233581543
40,39,10.0,32.4,3.701312780380249
40,42,0.1,0.0,4.579601526260376
40,42,0.3,0.0,6.8766937255859375
40,42,1.0,0.0,5.223267078399658
40,42,3.0,0.0,5.614037990570068
40,42,10.0,33.2,7.7006614208221436
40,45,0.1,0.0,7.632670164108276
40,45,0.3,0.0,5.6064934730529785
40,45,1.0,0.0,5.820847988128662
40,45,3.0,0.0,4.898811340332031
40,45,10.0,31.400000000000002,4.778731107711792
40,48,0.1,0.0,5.135831117630005
40,48,0.3,0.0,5.13141393661499
40,48,1.0,0.0,5.092497110366821
40,48,3.0,0.0,5.207761526107788
40,48,10.0,31.6,5.0007240772247314
45,3,0.1,0.1,0.6739113330841064
45,3,0.3,0.1,0.6718850135803223
45,3,1.0,4.4,0.681020975112915
45,3,3.0,24.400000000000002,0.6719920635223389
45,3,10.0,93.30000000000001,0.6690700054168701
45,6,0.1,0.0,0.9817101955413818
45,6,0.3,0.0,0.9823167324066162
45,6,1.0,0.4,0.9828710556030273
45,6,3.0,10.3,0.9891006946563721
45,6,10.0,86.4,0.9944863319396973
45,9,0.1,0.0,1.3761272430419922
45,9,0.3,0.0,1.3974027633666992
45,9,1.0,0.0,1.3795526027679443
45,9,3.0,1.5,1.3724453449249268
45,9,10.0,65.60000000000001,1.3831851482391357
45,12,0.1,0.0,1.70308518409729
45,12,0.3,0.0,1.732722520828247
45,12,1.0,0.0,1.7213408946990967
45,12,3.0,0.9,1.7083592414855957
45,12,10.0,63.6,1.6750690937042236
45,15,0.1,0.0,2.015422821044922
45,15,0.3,0.0,2.041834831237793
45,15,1.0,0.0,2.04482102394104
45,15,3.0,0.4,1.9979667663574219
45,15,10.0,54.900000000000006,1.9787817001342773
45,18,0.1,0.0,2.406257152557373
45,18,0.3,0.0,2.4150426387786865
45,18,1.0,0.0,2.373199701309204
45,18,3.0,0.4,2.3443856239318848
45,18,10.0,49.1,2.308323383331299
45,21,0.1,0.0,2.6554112434387207
45,21,0.3,0.0,2.6768360137939453
45,21,1.0,0.0,3.3694324493408203
45,21,3.0,0.1,3.5047976970672607
45,21,10.0,43.2,3.415508270263672
45,24,0.1,0.0,3.806096315383911
45,24,0.3,0.0,3.8085646629333496
45,24,1.0,0.0,3.846673011779785
45,24,3.0,0.2,3.782158851623535
45,24,10.0,46.7,3.6382269859313965
45,27,0.1,0.0,3.3886923789978027
45,27,0.3,0.0,3.209939956665039
45,27,1.0,0.0,3.299790143966675
45,27,3.0,0.0,3.2920961380004883
45,27,10.0,39.1,3.1776201725006104
45,30,0.1,0.0,3.5743255615234375
45,30,0.3,0.0,3.656512975692749
45,30,1.0,0.0,3.682624340057373
45,30,3.0,0.0,3.6710455417633057
45,30,10.0,41.2,3.6934218406677246
45,33,0.1,0.0,3.9585657119750977
45,33,0.3,0.0,3.916199207305908
45,33,1.0,0.0,3.9455933570861816
45,33,3.0,0.0,3.924736499786377
45,33,10.0,38.1,3.893735647201538
45,36,0.1,0.0,4.27354884147644
45,36,0.3,0.0,4.242055416107178
45,36,1.0,0.0,4.198269844055176
45,36,3.0,0.0,4.2701735496521
45,36,10.0,34.2,4.120620250701904
45,39,0.1,0.0,4.5408453941345215
45,39,0.3,0.0,4.598859548568726
45,39,1.0,0.0,4.574057579040527
45,39,3.0,0.0,5.305692434310913
45,39,10.0,36.6,5.674345970153809
45,42,0.1,0.0,6.192963600158691
45,42,0.3,0.0,6.145855903625488
45,42,1.0,0.0,6.368836879730225
45,42,3.0,0.0,5.007239103317261
45,42,10.0,33.2,4.736321449279785
45,45,0.1,0.0,5.4564735889434814
45,45,0.3,0.0,5.240473508834839
45,45,1.0,0.0,5.212503910064697
45,45,3.0,0.0,5.268771409988403
45,45,10.0,36.9,5.464803695678711
45,48,0.1,0.0,5.453272819519043
45,48,0.3,0.0,5.62962794303894
45,48,1.0,0.0,6.795689344406128
45,48,3.0,0.0,5.6194915771484375
45,48,10.0,32.7,5.286977291107178
50,3,0.1,0.0,0.7998559474945068
50,3,0.3,0.4,0.8098421096801758
50,3,1.0,3.8000000000000003,0.7977135181427002
50,3,3.0,27.1,0.8013701438903809
50,3,10.0,94.10000000000001,0.814643144607544
50,6,0.1,0.0,1.215636968612671
50,6,0.3,0.1,1.1641836166381836
50,6,1.0,0.5,1.1713695526123047
50,6,3.0,10.0,1.1473970413208008
50,6,10.0,87.4,1.138413906097412
50,9,0.1,0.0,1.511380910873413
50,9,0.3,0.0,1.4931681156158447
50,9,1.0,0.0,1.504368782043457
50,9,3.0,1.5,1.4773149490356445
50,9,10.0,70.8,1.4587044715881348
50,12,0.1,0.0,1.8528838157653809
50,12,0.3,0.0,1.8565213680267334
50,12,1.0,0.0,1.8461320400238037
50,12,3.0,1.3,1.8404147624969482
50,12,10.0,67.7,1.8373770713806152
50,15,0.1,0.0,2.804840564727783
50,15,0.3,0.0,2.9436845779418945
50,15,1.0,0.0,2.8560564517974854
50,15,3.0,0.4,2.8754827976226807
50,15,10.0,56.7,2.8614864349365234
50,18,0.1,0.0,3.1987409591674805
50,18,0.3,0.0,3.3077595233917236
50,18,1.0,0.0,3.300372362136841
50,18,3.0,0.1,3.1894688606262207
50,18,10.0,52.7,3.0608413219451904
50,21,0.1,0.0,2.804598331451416
50,21,0.3,0.0,2.8177363872528076
50,21,1.0,0.0,2.8834948539733887
50,21,3.0,0.0,2.8661386966705322
50,21,10.0,50.1,2.7914841175079346
50,24,0.1,0.0,3.270869016647339
50,24,0.3,0.0,3.2566256523132324
50,24,1.0,0.0,3.317258358001709
50,24,3.0,0.2,3.3679943084716797
50,24,10.0,47.7,3.3191311359405518
50,27,0.1,0.0,3.797119140625
50,27,0.3,0.0,3.6767520904541016
50,27,1.0,0.0,3.640345573425293
50,27,3.0,0.2,3.6288232803344727
50,27,10.0,42.5,3.582789421081543
50,30,0.1,0.0,3.9634552001953125
50,30,0.3,0.0,3.966118812561035
50,30,1.0,0.0,3.9487764835357666
50,30,3.0,0.0,3.969409942626953
50,30,10.0,44.300000000000004,4.002705335617065
50,33,0.1,0.0,4.388895511627197
50,33,0.3,0.0,4.34505033493042
50,33,1.0,0.0,4.3385169506073
50,33,3.0,0.0,4.340970277786255
50,33,10.0,40.800000000000004,4.3768205642700195
50,36,0.1,0.0,5.912826299667358
50,36,0.3,0.0,6.055116415023804
50,36,1.0,0.0,5.845031976699829
50,36,3.0,0.1,5.884698390960693
50,36,10.0,41.7,5.298455715179443
50,39,0.1,0.0,4.865000247955322
50,39,0.3,0.0,4.953693151473999
50,39,1.0,0.0,5.005343914031982
50,39,3.0,0.1,4.980274200439453
50,39,10.0,37.6,4.960762023925781
50,42,0.1,0.0,5.5655517578125
50,42,0.3,0.0,5.561597108840942
50,42,1.0,0.0,5.673276901245117
50,42,3.0,0.1,5.33692741394043
50,42,10.0,38.5,5.266690492630005
50,45,0.1,0.0,5.775113105773926
50,45,0.3,0.0,5.7216901779174805
50,45,1.0,0.0,5.775086164474487
50,45,3.0,0.0,5.830214738845825
50,45,10.0,37.1,5.580496549606323
50,48,0.1,0.0,6.0041344165802
50,48,0.3,0.0,6.933655738830566
50,48,1.0,0.0,8.188627481460571
50,48,3.0,0.0,8.950007200241089
50,48,10.0,38.0,7.503386735916138
55,3,0.1,0.0,1.0591421127319336
55,3,0.3,0.6000000000000001,1.0127215385437012
55,3,1.0,3.8000000000000003,0.9838931560516357
55,3,3.0,31.3,0.8419125080108643
55,3,10.0,95.5,0.8139042854309082
55,6,0.1,0.0,1.2015466690063477
55,6,0.3,0.0,1.222825050354004
55,6,1.0,0.4,1.2158920764923096
55,6,3.0,10.4,1.241987705230713
55,6,10.0,89.60000000000001,1.2380614280700684
55,9,0.1,0.0,1.586510181427002
55,9,0.3,0.0,1.6015782356262207
55,9,1.0,0.0,1.5933303833007812
55,9,3.0,2.4000000000000004,1.5888628959655762
55,9,10.0,76.10000000000001,1.625751256942749
55,12,0.1,0.0,1.9769041538238525
55,12,0.3,0.0,2.001039505004883
55,12,1.0,0.0,2.0098001956939697
55,12,3.0,0.9,1.9965319633483887
55,12,10.0,68.0,1.988309383392334
55,15,0.1,0.0,2.5595827102661133
55,15,0.3,0.0,2.547825574874878
55,15,1.0,0.0,2.3889544010162354
55,15,3.0,0.30000000000000004,2.4101905822753906
55,15,10.0,62.2,2.368359088897705
55,18,0.1,0.0,2.7907907962799072
55,18,0.3,0.0,2.8274025917053223
55,18,1.0,0.0,2.7705249786376953
55,18,3.0,0.2,2.7687838077545166
55,18,10.0,57.6,2.758714199066162
55,21,0.1,0.0,3.208118438720703
55,21,0.3,0.0,3.2360637187957764
55,21,1.0,0.0,3.169543981552124
55,21,3.0,0.1,3.156573534011841
55,21,10.0,54.1,3.179569721221924
55,24,0.1,0.0,3.597715377807617
55,24,0.3,0.0,3.6096577644348145
55,24,1.0,0.0,3.6682980060577393
55,24,3.0,0.2,3.5543792247772217
55,24,10.0,52.2,3.5097780227661133
55,27,0.1,0.0,4.28522515296936
55,27,0.3,0.0,4.997760057449341
55,27,1.0,0.0,4.96820068359375
55,27,3.0,0.0,5.098985910415649
55,27,10.0,50.0,4.923074960708618
55,30,0.1,0.0,5.546139240264893
55,30,0.3,0.0,4.65492582321167
55,30,1.0,0.0,4.174673080444336
55,30,3.0,0.0,4.274653434753418
55,30,10.0,46.400000000000006,4.1699748039245605
55,33,0.1,0.0,4.673510551452637
55,33,0.3,0.0,4.730027198791504
55,33,1.0,0.0,4.86718487739563
55,33,3.0,0.1,4.831190586090088
55,33,10.0,44.400000000000006,4.611256122589111
55,36,0.1,0.0,5.068871736526489
55,36,0.3,0.0,5.121988773345947
55,36,1.0,0.0,5.156648874282837
55,36,3.0,0.0,5.1524739265441895
55,36,10.0,45.7,5.003663778305054
55,39,0.1,0.0,5.588306188583374
55,39,0.3,0.0,5.577820777893066
55,39,1.0,0.0,5.506708383560181
55,39,3.0,0.0,5.557152271270752
55,39,10.0,42.0,5.907910108566284
55,42,0.1,0.0,7.803858757019043
55,42,0.3,0.0,7.428481817245483
55,42,1.0,0.0,7.46125340461731
55,42,3.0,0.2,6.963764667510986
55,42,10.0,42.900000000000006,5.55945611000061
55,45,0.1,0.0,6.317625045776367
55,45,0.3,0.0,6.130579710006714
55,45,1.0,0.0,6.1122727394104
55,45,3.0,0.0,6.418922185897827
55,45,10.0,42.7,6.233829498291016
55,48,0.1,0.0,9.073450565338135
55,48,0.3,0.0,7.720769882202148
55,48,1.0,0.0,6.79688572883606
55,48,3.0,0.0,6.721809148788452
55,48,10.0,40.2,6.091740846633911
60,3,0.1,0.1,0.8728671073913574
60,3,0.3,0.5,0.8728177547454834
60,3,1.0,4.6000000000000005,0.8715283870697021
60,3,3.0,34.1,0.901444673538208
60,3,10.0,96.2,0.8710379600524902
60,6,0.1,0.0,1.2711422443389893
60,6,0.3,0.0,1.2869648933410645
60,6,1.0,0.30000000000000004,1.2910101413726807
60,6,3.0,11.9,1.3710930347442627
60,6,10.0,91.0,1.3306307792663574
60,9,0.1,0.0,1.7907960414886475
60,9,0.3,0.0,1.836911916732788
60,9,1.0,0.0,1.9647419452667236
60,9,3.0,1.8,2.462127923965454
60,9,10.0,78.2,2.1637744903564453
60,12,0.1,0.0,2.7449803352355957
60,12,0.3,0.0,2.708451271057129
60,12,1.0,0.0,2.8079612255096436
60,12,3.0,1.5,2.6877360343933105
60,12,10.0,74.10000000000001,2.67879056930542
60,15,0.1,0.0,3.2269835472106934
60,15,0.3,0.0,3.220996379852295
60,15,1.0,0.0,3.174041271209717
60,15,3.0,0.7000000000000001,2.6662120819091797
60,15,10.0,63.800000000000004,2.4623353481292725
60,18,0.1,0.0,2.9343576431274414
60,18,0.3,0.0,3.006188154220581
60,18,1.0,0.0,2.959787607192993
60,18,3.0,0.1,2.9400739669799805
60,18,10.0,65.5,2.9025332927703857
60,21,0.1,0.0,3.413275718688965
60,21,0.3,0.0,3.4393186569213867
60,21,1.0,0.0,3.5462543964385986
60,21,3.0,0.30000000000000004,3.6068179607391357
60,21,10.0,57.6,3.352250099182129
60,24,0.1,0.0,3.8463172912597656
60,24,0.3,0.0,3.8648910522460938
60,24,1.0,0.0,3.9072213172912598
60,24,3.0,0.2,3.918851137161255
60,24,10.0,54.900000000000006,3.8103508949279785
60,27,0.1,0.0,4.33059549331665
60,27,0.3,0.0,4.271687984466553
60,27,1.0,0.0,4.32248067855835
60,27,3.0,0.0,4.357017278671265
60,27,10.0,51.5,4.224967002868652
60,30,0.1,0.0,4.747565507888794
60,30,0.3,0.0,4.745646238327026
60,30,1.0,0.0,4.988083600997925
60,30,3.0,0.1,5.860693454742432
60,30,10.0,49.800000000000004,5.840162754058838
60,33,0.1,0.0,6.4180731773376465
60,33,0.3,0.0,6.483461380004883
60,33,1.0,0.0,5.743368864059448
60,33,3.0,0.1,5.008483648300171
60,33,10.0,46.6,4.981309413909912
60,36,0.1,0.0,5.418569326400757
60,36,0.3,0.0,5.474996089935303
60,36,1.0,0.0,5.66680383682251
60,36,3.0,0.0,5.6998419761657715
60,36,10.0,47.400000000000006,5.516065835952759
60,39,0.1,0.0,6.055121421813965
60,39,0.3,0.0,5.908393859863281
60,39,1.0,0.0,6.00603985786438
60,39,3.0,0.0,6.142036199569702
60,39,10.0,44.2,5.932117938995361
60,42,0.1,0.0,6.622276067733765
60,42,0.3,0.0,6.427676439285278
60,42,1.0,0.0,6.49468994140625
60,42,3.0,0.1,7.916304111480713
60,42,10.0,47.0,8.026947498321533
60,45,0.1,0.0,9.502949237823486
60,45,0.3,0.0,8.161341190338135
60,45,1.0,0.0,6.748541593551636
60,45,3.0,0.0,6.70329475402832
60,45,10.0,43.400000000000006,6.617748260498047
60,48,0.1,0.0,7.426893949508667
60,48,0.3,0.0,7.486422777175903
60,48,1.0,0.0,7.285936117172241
60,48,3.0,0.0,7.2550764083862305
60,48,10.0,46.0,7.204856872558594
65,3,0.1,0.0,1.030918836593628
65,3,0.3,0.7000000000000001,1.0109710693359375
65,3,1.0,5.7,1.017719030380249
65,3,3.0,37.0,1.0148115158081055
65,3,10.0,97.80000000000001,0.9961493015289307
65,6,0.1,0.0,1.4615883827209473
65,6,0.3,0.0,1.4803693294525146
65,6,1.0,1.0,1.4990818500518799
65,6,3.0,12.700000000000001,1.4812004566192627
65,6,10.0,92.80000000000001,1.4598963260650635
65,9,0.1,0.0,1.9297561645507812
65,9,0.3,0.0,1.92445969581604
65,9,1.0,0.0,1.8840465545654297
65,9,3.0,2.2,1.8951232433319092
65,9,10.0,79.60000000000001,1.9421272277832031
65,12,0.1,0.0,2.4023404121398926
65,12,0.3,0.0,2.41123366355896
65,12,1.0,0.0,2.402979850769043
65,12,3.0,2.5,2.590772867202759
65,12,10.0,75.0,3.0048134326934814
65,15,0.1,0.0,3.632805109024048
65,15,0.3,0.0,3.6874547004699707
65,15,1.0,0.0,3.7314252853393555
65,15,3.0,0.4,3.5507452487945557
65,15,10.0,65.9,3.4716885089874268
65,18,0.1,0.0,4.018381118774414
65,18,0.3,0.0,3.887171745300293
65,18,1.0,0.0,3.1824116706848145
65,18,3.0,0.5,3.2057673931121826
65,18,10.0,67.7,3.2107107639312744
65,21,0.1,0.0,3.6970534324645996
65,21,0.3,0.0,3.684516191482544
65,21,1.0,0.0,3.7044219970703125
65,21,3.0,0.5,3.6881206035614014
65,21,10.0,61.2,3.8076066970825195
65,24,0.1,0.0,4.330049753189087
65,24,0.3,0.0,4.189138174057007
65,24,1.0,0.0,4.180527210235596
65,24,3.0,0.1,4.182943105697632
65,24,10.0,59.5,4.132515907287598
65,27,0.1,0.0,4.659714937210083
65,27,0.3,0.0,4.695269823074341
65,27,1.0,0.0,4.6076343059539795
65,27,3.0,0.0,4.681298732757568
65,27,10.0,54.1,4.578754186630249
65,30,0.1,0.0,5.11667799949646
65,30,0.3,0.0,5.099006175994873
65,30,1.0,0.0,5.120896100997925
65,30,3.0,0.0,6.0363688468933105
65,30,10.0,56.2,6.682337760925293
65,33,0.1,0.0,7.42362904548645
65,33,0.3,0.0,7.358115196228027
65,33,1.0,0.0,6.761598825454712
65,33,3.0,0.0,5.493469953536987
65,33,10.0,52.7,5.723251581192017
65,36,0.1,0.0,6.045731544494629
65,36,0.3,0.0,5.9607696533203125
65,36,1.0,0.0,6.402652740478516
65,36,3.0,0.0,6.1902220249176025
65,36,10.0,48.900000000000006,5.86037802696228
65,39,0.1,0.0,7.137048244476318
65,39,0.3,0.0,6.243516683578491
65,39,1.0,0.0,6.3681793212890625
65,39,3.0,0.0,6.512276649475098
65,39,10.0,46.300000000000004,6.443516254425049
65,42,0.1,0.0,6.958723783493042
65,42,0.3,0.0,7.173086643218994
65,42,1.0,0.0,8.846238613128662
65,42,3.0,0.0,8.722453355789185
65,42,10.0,50.0,8.626953840255737
65,45,0.1,0.0,7.620686769485474
65,45,0.3,0.0,7.237224340438843
65,45,1.0,0.0,7.420184850692749
65,45,3.0,0.1,7.482590198516846
65,45,10.0,49.7,7.338120222091675
65,48,0.1,0.0,7.69731593132019
65,48,0.3,0.0,7.798361301422119
65,48,1.0,0.0,8.054628372192383
65,48,3.0,0.0,7.828917503356934
65,48,10.0,47.6,7.759036540985107
70,3,0.1,0.1,1.0669400691986084
70,3,0.3,0.7000000000000001,1.0762379169464111
70,3,1.0,6.1000000000000005,1.0960097312927246
70,3,3.0,35.6,1.0635030269622803
70,3,10.0,98.10000000000001,1.0540146827697754
70,6,0.1,0.0,1.556774377822876
70,6,0.3,0.0,1.5896706581115723
70,6,1.0,0.4,1.5536396503448486
70,6,3.0,13.200000000000001,1.542330026626587
70,6,10.0,94.4,1.5489137172698975
70,9,0.1,0.0,2.076324939727783
70,9,0.3,0.0,2.0905423164367676
70,9,1.0,0.0,2.6283633708953857
70,9,3.0,3.0,2.6358766555786133
70,9,10.0,82.4,2.5941996574401855
70,12,0.1,0.0,3.15590238571167
70,12,0.3,0.0,3.2761712074279785
70,12,1.0,0.0,3.2514758110046387
70,12,3.0,1.1,3.1216187477111816
70,12,10.0,78.2,3.1587889194488525
70,15,0.1,0.0,3.7306857109069824
70,15,0.3,0.0,3.1403446197509766
70,15,1.0,0.0,2.9152538776397705
70,15,3.0,0.5,2.8882052898406982
70,15,10.0,69.9,2.951603889465332
70,18,0.1,0.0,3.4449729919433594
70,18,0.3,0.0,3.4983153343200684
70,18,1.0,0.0,3.469172477722168
70,18,3.0,0.30000000000000004,3.5307114124298096
70,18,10.0,70.3,3.5883514881134033
70,21,0.1,0.0,4.230479001998901
70,21,0.3,0.0,3.9826276302337646
70,21,1.0,0.0,4.020876884460449
70,21,3.0,0.1,4.136656284332275
70,21,10.0,61.2,3.926731586456299
70,24,0.1,0.0,4.500141859054565
70,24,0.3,0.0,4.543399095535278
70,24,1.0,0.0,4.568169355392456
70,24,3.0,0.2,4.530668497085571
70,24,10.0,62.1,4.583853483200073
70,27,0.1,0.0,5.027045726776123
70,27,0.3,0.0,4.988590717315674
70,27,1.0,0.0,4.995185852050781
70,27,3.0,0.2,5.068556070327759
70,27,10.0,56.0,6.484911680221558
70,30,0.1,0.0,6.9274303913116455
70,30,0.3,0.0,7.985990762710571
70,30,1.0,0.0,6.671504735946655
70,30,3.0,0.0,5.7755444049835205
70,30,10.0,55.6,5.36962628364563
70,33,0.1,0.0,5.970672845840454
70,33,0.3,0.0,6.042058944702148
70,33,1.0,0.0,6.176333904266357
70,33,3.0,0.0,6.152866363525391
70,33,10.0,53.2,5.882819175720215
70,36,0.1,0.0,6.5216991901397705
70,36,0.3,0.0,6.531323432922363
70,36,1.0,0.0,6.575448036193848
70,36,3.0,0.1,6.471531391143799
70,36,10.0,56.0,6.338082313537598
70,39,0.1,0.0,6.976626873016357
70,39,0.3,0.0,6.977783679962158
70,39,1.0,0.0,7.99152135848999
70,39,3.0,0.0,8.8582181930542
70,39,10.0,52.400000000000006,8.721276044845581
70,42,0.1,0.0,8.85440731048584
70,42,0.3,0.0,7.288411378860474
70,42,1.0,0.0,7.308094501495361
70,42,3.0,0.0,7.452588081359863
70,42,10.0,52.900000000000006,7.643478631973267
70,45,0.1,0.0,8.178243160247803
70,45,0.3,0.0,7.99770188331604
70,45,1.0,0.0,7.990131855010986
70,45,3.0,0.0,7.971745252609253
70,45,10.0,45.900000000000006,7.935692548751831
70,48,0.1,0.0,8.520614385604858
70,48,0.3,0.0,8.501206636428833
70,48,1.0,0.0,10.008204698562622
70,48,3.0,0.0,10.765620708465576
70,48,10.0,53.7,10.319439172744751
75,3,0.1,0.1,1.3865866661071777
75,3,0.3,0.6000000000000001,1.2609868049621582
75,3,1.0,5.9,1.1151156425476074
75,3,3.0,37.7,1.109975814819336
75,3,10.0,99.0,1.0909910202026367
75,6,0.1,0.0,1.642045259475708
75,6,0.3,0.0,1.685596227645874
75,6,1.0,0.4,1.6435494422912598
75,6,3.0,15.8,1.8210101127624512
75,6,10.0,94.7,1.604478359222412
75,9,0.1,0.0,2.1762022972106934
75,9,0.3,0.0,2.1834514141082764
75,9,1.0,0.0,2.190356492996216
75,9,3.0,2.9000000000000004,2.1907942295074463
75,9,10.0,83.10000000000001,2.138302803039551
75,12,0.1,0.0,2.8505265712738037
75,12,0.3,0.0,2.754281759262085
75,12,1.0,0.0,2.911928415298462
75,12,3.0,1.9000000000000001,2.9957337379455566
75,12,10.0,81.5,2.6931450366973877
75,15,0.1,0.0,3.253039598464966
75,15,0.3,0.0,3.2252726554870605
75,15,1.0,0.0,3.4133126735687256
75,15,3.0,0.30000000000000004,3.7014782428741455
75,15,10.0,73.8,2.972177505493164
75,18,0.1,0.0,3.736363410949707
75,18,0.3,0.0,3.7597179412841797
75,18,1.0,0.0,3.7877821922302246
75,18,3.0,0.9,3.8112454414367676
75,18,10.0,69.4,3.702633857727051
75,21,0.1,0.0,4.341856002807617
75,21,0.3,0.0,4.338536024093628
75,21,1.0,0.0,4.327354907989502
75,21,3.0,0.6000000000000001,4.50178599357605
75,21,10.0,65.3,5.548890590667725
75,24,0.1,0.0,6.269855260848999
75,24,0.3,0.0,6.196320056915283
75,24,1.0,0.0,6.233932971954346
75,24,3.0,0.30000000000000004,5.756123065948486
75,24,10.0,63.0,4.570678949356079
75,27,0.1,0.0,5.234191179275513
75,27,0.3,0.0,5.2812769412994385
75,27,1.0,0.0,5.33842658996582
75,27,3.0,0.1,5.515099048614502
75,27,10.0,59.7,5.48184871673584
75,30,0.1,0.0,5.964082956314087
75,30,0.3,0.0,5.9631922245025635
75,30,1.0,0.0,5.931585073471069
75,30,3.0,0.2,5.959288597106934
75,30,10.0,59.5,5.905252456665039
75,33,0.1,0.0,6.4599220752716064
75,33,0.3,0.0,6.423897743225098
75,33,1.0,0.0,6.421431064605713
75,33,3.0,0.0,6.457604885101318
75,33,10.0,56.7,7.412401437759399
75,36,0.1,0.0,9.086958169937134
75,36,0.3,0.0,8.752098083496094
75,36,1.0,0.0,8.329336881637573
75,36,3.0,0.1,6.74826192855835
75,36,10.0,54.2,6.663169860839844
75,39,0.1,0.0,7.514947175979614
75,39,0.3,0.0,7.653129816055298
75,39,1.0,0.0,7.56859827041626
75,39,3.0,0.0,7.490678071975708
75,39,10.0,52.400000000000006,7.269606113433838
75,42,0.1,0.0,8.043241739273071
75,42,0.3,0.0,8.118181467056274
75,42,1.0,0.0,8.143971681594849
75,42,3.0,0.0,7.971467971801758
75,42,10.0,54.0,8.401219844818115
75,45,0.1,0.0,11.46768307685852
75,45,0.3,0.0,11.840043783187866
75,45,1.0,0.0,9.180182218551636
75,45,3.0,0.0,8.195888042449951
75,45,10.0,50.800000000000004,8.203741788864136
75,48,0.1,0.0,9.221449851989746
75,48,0.3,0.0,8.94291067123413
75,48,1.0,0.0,8.97532606124878
75,48,3.0,0.0,9.093017816543579
75,48,10.0,50.800000000000004,8.951977252960205
80,3,0.1,0.1,1.279888391494751
80,3,0.3,0.5,1.262040376663208
80,3,1.0,5.1000000000000005,1.2495360374450684
80,3,3.0,44.800000000000004,1.2422075271606445
80,3,10.0,98.9,1.222343921661377
80,6,0.1,0.0,1.7959339618682861
80,6,0.3,0.0,1.8001415729522705
80,6,1.0,0.9,1.8028690814971924
80,6,3.0,16.3,1.7835791110992432
80,6,10.0,96.10000000000001,1.7646713256835938
80,9,0.1,0.0,2.3265788555145264
80,9,0.3,0.0,2.344960927963257
80,9,1.0,0.0,2.366065502166748
80,9,3.0,3.2,2.7342629432678223
80,9,10.0,86.7,2.985194683074951
80,12,0.1,0.0,3.7235867977142334
80,12,0.3,0.0,3.842334747314453
80,12,1.0,0.0,3.7433109283447266
80,12,3.0,1.4000000000000001,3.7542827129364014
80,12,10.0,82.4,3.5226328372955322
80,15,0.1,0.0,4.588139295578003
80,15,0.3,0.0,3.763368844985962
80,15,1.0,0.0,3.379100799560547
80,15,3.0,0.4,3.4091598987579346
80,15,10.0,76.3,3.3273541927337646
80,18,0.1,0.0,3.938650131225586
80,18,0.3,0.0,4.010167360305786
80,18,1.0,0.0,4.045340061187744
80,18,3.0,0.5,4.157830238342285
80,18,10.0,73.10000000000001,4.122215986251831
80,21,0.1,0.0,4.596324682235718
80,21,0.3,0.0,4.627228736877441
80,21,1.0,0.0,4.56837797164917
80,21,3.0,0.2,4.569441318511963
80,21,10.0,69.60000000000001,4.4908106327056885
80,24,0.1,0.0,5.1960694789886475
80,24,0.3,0.0,5.195429801940918
80,24,1.0,0.0,5.226308107376099
80,24,3.0,0.2,5.173269033432007
80,24,10.0,63.900000000000006,5.062889814376831
80,27,0.1,0.0,5.770147085189819
80,27,0.3,0.0,6.517594814300537
80,27,1.0,0.0,7.506280183792114
80,27,3.0,0.0,7.153727769851685
80,27,10.0,64.0,7.291085958480835
80,30,0.1,0.0,7.287787437438965
80,30,0.3,0.0,6.222604274749756
80,30,1.0,0.0,6.53141975402832
80,30,3.0,0.0,8.10079550743103
80,30,10.0,59.400000000000006,6.639905691146851
80,33,0.1,0.0,7.587917327880859
80,33,0.3,0.0,6.937843084335327
80,33,1.0,0.0,9.29486346244812
80,33,3.0,0.0,6.416406631469727
80,33,10.0,59.2,6.776103496551514
80,36,0.1,0.0,7.441624164581299
80,36,0.3,0.0,7.530784845352173
80,36,1.0,0.0,7.448021650314331
80,36,3.0,0.0,9.513984680175781
80,36,10.0,61.6,9.343780279159546
80,39,0.1,0.0,10.2548246383667
80,39,0.3,0.0,8.006216764450073
80,39,1.0,0.0,7.779503583908081
80,39,3.0,0.0,7.806740045547485
80,39,10.0,58.1,7.885936737060547
80,42,0.1,0.0,8.779945611953735
80,42,0.3,0.0,8.659759044647217
80,42,1.0,0.0,8.517451524734497
80,42,3.0,0.0,8.524200677871704
80,42,10.0,53.6,8.410813570022583
80,45,0.1,0.0,9.037348747253418
80,45,0.3,0.0,9.263956785202026
80,45,1.0,0.0,11.464820861816406
80,45,3.0,0.0,11.554262399673462
80,45,10.0,56.300000000000004,9.893950462341309
80,48,0.1,0.0,9.461296319961548
80,48,0.3,0.0,9.46786880493164
80,48,1.0,0.0,9.946113109588623
80,48,3.0,0.0,9.681776523590088
80,48,10.0,51.6,9.392330408096313
85,3,0.1,0.2,1.3061654567718506
85,3,0.3,1.0,1.3140065670013428
85,3,1.0,5.7,1.302354097366333
85,3,3.0,44.400000000000006,1.3350214958190918
85,3,10.0,99.5,1.270751953125
85,6,0.1,0.0,1.9000606536865234
85,6,0.3,0.0,2.070887327194214
85,6,1.0,1.1,1.8888747692108154
85,6,3.0,18.5,1.8742384910583496
85,6,10.0,96.30000000000001,1.883955717086792
85,9,0.1,0.0,2.5497183799743652
85,9,0.3,0.0,2.6249330043792725
85,9,1.0,0.0,2.491107225418091
85,9,3.0,4.2,2.519461154937744
85,9,10.0,88.2,2.4742634296417236
85,12,0.1,0.0,3.0767526626586914
85,12,0.3,0.0,3.059737205505371
85,12,1.0,0.0,3.073648452758789
85,12,3.0,2.4000000000000004,3.928325653076172
85,12,10.0,86.10000000000001,4.127344608306885
85,15,0.1,0.0,4.681504487991333
85,15,0.3,0.0,4.809475421905518
85,15,1.0,0.0,5.871099472045898
85,15,3.0,0.7000000000000001,4.422626972198486
85,15,10.0,78.2,4.06005859375
85,18,0.1,0.0,4.176812410354614
85,18,0.3,0.0,4.23831033706665
85,18,1.0,0.0,4.196726083755493
85,18,3.0,0.4,4.199479818344116
85,18,10.0,75.8,4.136503458023071
85,21,0.1,0.0,5.028692722320557
85,21,0.3,0.0,4.99807071685791
85,21,1.0,0.0,4.783111810684204
85,21,3.0,0.5,4.833871126174927
85,21,10.0,66.9,4.755818128585815
85,24,0.1,0.0,5.481828212738037
85,24,0.3,0.0,5.4521803855896
85,24,1.0,0.0,5.48697566986084
85,24,3.0,0.0,5.512359380722046
85,24,10.0,70.5,5.444482088088989
85,27,0.1,0.0,6.046938419342041
85,27,0.3,0.0,6.091083526611328
85,27,1.0,0.0,6.962599039077759
85,27,3.0,0.1,7.877267122268677
85,27,10.0,67.8,7.471106052398682
85,30,0.1,0.0,8.475147008895874
85,30,0.3,0.0,6.928582191467285
85,30,1.0,0.0,6.4574668407440186
85,30,3.0,0.2,6.425037145614624
85,30,10.0,63.1,6.3562328815460205
85,33,0.1,0.0,7.494847536087036
85,33,0.3,0.0,7.236951589584351
85,33,1.0,0.0,7.253912448883057
85,33,3.0,0.0,7.221017360687256
85,33,10.0,61.7,7.105646848678589
85,36,0.1,0.0,7.851377487182617
85,36,0.3,0.0,8.009704113006592
85,36,1.0,0.0,7.868452310562134
85,36,3.0,0.0,8.20080280303955
85,36,10.0,59.7,9.97104525566101
85,39,0.1,0.0,10.530920267105103
85,39,0.3,0.0,9.722590446472168
85,39,1.0,0.0,8.316893815994263
85,39,3.0,0.0,8.26111626625061
85,39,10.0,59.900000000000006,8.198460340499878
85,42,0.1,0.0,9.223730325698853
85,42,0.3,0.0,8.7760009765625
85,42,1.0,0.0,10.197797298431396
85,42,3.0,0.1,9.433222532272339
85,42,10.0,57.5,8.741784811019897
85,45,0.1,0.0,9.980299472808838
85,45,0.3,0.0,10.155178308486938
85,45,1.0,0.0,12.756612062454224
85,45,3.0,0.0,11.98842740058899
85,45,10.0,56.0,9.533821821212769
85,48,0.1,0.0,9.86933946609497
85,48,0.3,0.0,10.383153676986694
85,48,1.0,0.0,10.273749828338623
85,48,3.0,0.0,10.107964515686035
85,48,10.0,53.900000000000006,10.067279815673828
90,3,0.1,0.0,1.3779025077819824
90,3,0.3,1.2000000000000002,1.3787438869476318
90,3,1.0,7.300000000000001,1.3843097686767578
90,3,3.0,46.900000000000006,1.360541820526123
90,3,10.0,99.7,1.3797938823699951
90,6,0.1,0.0,1.9959619045257568
90,6,0.3,0.2,2.051114797592163
90,6,1.0,0.6000000000000001,2.0308427810668945
90,6,3.0,19.200000000000003,1.979010820388794
90,6,10.0,98.30000000000001,1.973003625869751
90,9,0.1,0.0,2.637092351913452
90,9,0.3,0.0,2.6755874156951904
90,9,1.0,0.0,2.705134868621826
90,9,3.0,4.7,2.63494873046875
90,9,10.0,89.5,2.6105892658233643
90,12,0.1,0.0,3.71372127532959
90,12,0.3,0.0,4.214075803756714
90,12,1.0,0.0,4.195080280303955
90,12,3.0,2.2,4.041889905929565
90,12,10.0,87.0,4.019817590713501
90,15,0.1,0.0,4.866670608520508
90,15,0.3,0.0,4.919738292694092
90,15,1.0,0.0,4.045933485031128
90,15,3.0,0.8,3.7826290130615234
90,15,10.0,82.4,3.778998374938965
90,18,0.1,0.0,4.481863260269165
90,18,0.3,0.0,4.446215391159058
90,18,1.0,0.0,4.501726150512695
90,18,3.0,0.4,4.6409759521484375
90,18,10.0,76.7,4.56485390663147
90,21,0.1,0.0,5.182184934616089
90,21,0.3,0.0,5.15496826171875
90,21,1.0,0.0,5.514326572418213
90,21,3.0,0.1,5.093628406524658
90,21,10.0,70.9,5.06743860244751
90,24,0.1,0.0,5.732256889343262
90,24,0.3,0.0,6.010752201080322
90,24,1.0,0.0,5.785825967788696
90,24,3.0,0.1,5.765297889709473
90,24,10.0,72.60000000000001,6.150015830993652
90,27,0.1,0.0,7.850432634353638
90,27,0.3,0.0,8.578714370727539
90,27,1.0,0.0,8.884248733520508
90,27,3.0,0.30000000000000004,8.16732144355774
90,27,10.0,67.60000000000001,6.419066905975342
90,30,0.1,0.0,6.905896425247192
90,30,0.3,0.0,6.968689918518066
90,30,1.0,0.0,7.000352144241333
90,30,3.0,0.1,7.372752904891968
90,30,10.0,66.2,6.927175283432007
90,33,0.1,0.0,7.688544511795044
90,33,0.3,0.0,7.773464918136597
90,33,1.0,0.0,7.665548801422119
90,33,3.0,0.1,7.616671323776245
90,33,10.0,61.6,7.4829206466674805
90,36,0.1,0.0,8.2832670211792
90,36,0.3,0.0,10.548190832138062
90,36,1.0,0.0,10.723077297210693
90,36,3.0,0.0,9.892205238342285
90,36,10.0,60.800000000000004,7.805261135101318
90,39,0.1,0.0,8.786867380142212
90,39,0.3,0.0,9.03003740310669
90,39,1.0,0.0,9.007475852966309
90,39,3.0,0.1,8.833359956741333
90,39,10.0,60.400000000000006,8.664613962173462
90,42,0.1,0.0,9.590094327926636
90,42,0.3,0.0,9.656490802764893
90,42,1.0,0.0,9.47719407081604
90,42,3.0,0.0,9.796125650405884
90,42,10.0,59.800000000000004,12.082972526550293
90,45,0.1,0.0,12.606661081314087
90,45,0.3,0.0,10.766237735748291
90,45,1.0,0.0,10.353018522262573
90,45,3.0,0.0,10.10387921333313
90,45,10.0,59.7,10.37343430519104
90,48,0.1,0.0,11.041272401809692
90,48,0.3,0.0,11.731519937515259
90,48,1.0,0.0,10.719383716583252
90,48,3.0,0.0,10.802753925323486
90,48,10.0,58.1,11.478267431259155
95,3,0.1,0.0,1.793823480606079
95,3,0.3,0.5,1.8069543838500977
95,3,1.0,8.5,1.7686219215393066
95,3,3.0,48.2,1.7708113193511963
95,3,10.0,99.5,1.810730218887329
95,6,0.1,0.0,2.656020164489746
95,6,0.3,0.0,2.7398505210876465
95,6,1.0,1.3,2.6991922855377197
95,6,3.0,19.400000000000002,2.66984224319458
95,6,10.0,97.5,2.504443407058716
95,9,0.1,0.0,3.2492563724517822
95,9,0.3,0.0,2.7231414318084717
95,9,1.0,0.1,2.657179355621338
95,9,3.0,4.6000000000000005,2.6577794551849365
95,9,10.0,91.5,2.6773462295532227
95,12,0.1,0.0,3.375304698944092
95,12,0.3,0.0,3.3495893478393555
95,12,1.0,0.0,3.346850872039795
95,12,3.0,3.0,3.366680383682251
95,12,10.0,90.5,3.442389488220215
95,15,0.1,0.0,4.106920957565308
95,15,0.3,0.0,4.05121111869812
95,15,1.0,0.0,3.9967637062072754
95,15,3.0,0.6000000000000001,3.9923746585845947
95,15,10.0,80.7,3.9618661403656006
95,18,0.1,0.0,4.720022916793823
95,18,0.3,0.0,4.732371807098389
95,18,1.0,0.0,4.745457649230957
95,18,3.0,0.5,4.720661163330078
95,18,10.0,76.9,4.711573839187622
95,21,0.1,0.0,5.419563055038452
95,21,0.3,0.0,5.412756443023682
95,21,1.0,0.0,5.441945552825928
95,21,3.0,0.7000000000000001,6.132852792739868
95,21,10.0,76.4,6.97310209274292
95,24,0.1,0.0,7.792221307754517
95,24,0.3,0.0,7.728842496871948
95,24,1.0,0.0,6.984829664230347
95,24,3.0,0.7000000000000001,5.985846042633057
95,24,10.0,72.60000000000001,5.920047760009766
95,27,0.1,0.0,6.761937379837036
95,27,0.3,0.0,6.853820562362671
95,27,1.0,0.0,6.912118673324585
95,27,3.0,0.1,6.678656578063965
95,27,10.0,67.60000000000001,6.927557945251465
95,30,0.1,0.0,7.42475152015686
95,30,0.3,0.0,7.574624061584473
95,30,1.0,0.0,7.657683849334717
95,30,3.0,0.2,7.4697089195251465
95,30,10.0,67.9,7.271544456481934
95,33,0.1,0.0,9.469146728515625
95,33,0.3,0.0,10.123115062713623
95,33,1.0,0.0,10.633740663528442
95,33,3.0,0.0,8.474766969680786
95,33,10.0,67.10000000000001,7.65417742729187
95,36,0.1,0.0,8.615789651870728
95,36,0.3,0.0,8.823895692825317
95,36,1.0,0.0,8.780805110931396
95,36,3.0,0.0,8.711575746536255
95,36,10.0,63.300000000000004,8.581156730651855
95,39,0.1,0.0,9.474928617477417
95,39,0.3,0.0,9.495887279510498
95,39,1.0,0.0,9.525250911712646
95,39,3.0,0.1,10.415419816970825
95,39,10.0,64.3,11.859169721603394
95,42,0.1,0.0,12.964503765106201
95,42,0.3,0.0,10.044849634170532
95,42,1.0,0.0,9.999525547027588
95,42,3.0,0.0,10.090171813964844
95,42,10.0,62.2,9.886581420898438
95,45,0.1,0.0,10.697821855545044
95,45,0.3,0.0,10.843100547790527
95,45,1.0,0.0,10.784672021865845
95,45,3.0,0.0,10.85142183303833
95,45,10.0,61.1,11.232182502746582
95,48,0.1,0.0,14.33603549003601
95,48,0.3,0.0,13.518778324127197
95,48,1.0,0.0,11.119431734085083
95,48,3.0,0.0,11.084875583648682
95,48,10.0,60.300000000000004,11.660797357559204
